sales_date,day_of_week,product_id,units_sold,weekend_tracker
2025-01-01,Wednesday,1,14,False
2025-01-01,Wednesday,2,22,False
2025-01-01,Wednesday,3,40,False
2025-01-01,Wednesday,4,12,False
2025-01-01,Wednesday,5,14,False
2025-01-01,Wednesday,6,23,False
2025-01-01,Wednesday,7,18,False
2025-01-01,Wednesday,8,28,False
2025-01-01,Wednesday,9,26,False
2025-01-01,Wednesday,10,18,False
2025-01-01,Wednesday,11,31,False
2025-01-01,Wednesday,12,21,False
2025-01-01,Wednesday,13,12,False
2025-01-01,Wednesday,14,5,False
2025-01-01,Wednesday,15,16,False
2025-01-01,Wednesday,16,28,False
2025-01-01,Wednesday,17,29,False
2025-01-01,Wednesday,18,17,False
2025-01-01,Wednesday,19,23,False
2025-01-01,Wednesday,20,16,False
2025-01-01,Wednesday,21,34,False
2025-01-01,Wednesday,22,7,False
2025-01-01,Wednesday,23,27,False
2025-01-01,Wednesday,24,26,False
2025-01-01,Wednesday,25,5,False
2025-01-01,Wednesday,26,21,False
2025-01-01,Wednesday,27,24,False
2025-01-01,Wednesday,28,41,False
2025-01-01,Wednesday,29,22,False
2025-01-01,Wednesday,30,21,False
2025-01-01,Wednesday,31,15,False
2025-01-01,Wednesday,32,9,False
2025-01-01,Wednesday,33,49,False
2025-01-01,Wednesday,34,9,False
2025-01-01,Wednesday,35,24,False
2025-01-01,Wednesday,36,30,False
2025-01-01,Wednesday,37,5,False
2025-01-01,Wednesday,38,35,False
2025-01-01,Wednesday,39,34,False
2025-01-01,Wednesday,40,25,False
2025-01-01,Wednesday,41,21,False
2025-01-01,Wednesday,42,11,False
2025-01-01,Wednesday,43,36,False
2025-01-01,Wednesday,44,20,False
2025-01-01,Wednesday,45,9,False
2025-01-01,Wednesday,46,5,False
2025-01-01,Wednesday,47,8,False
2025-01-01,Wednesday,48,22,False
2025-01-01,Wednesday,49,22,False
2025-01-01,Wednesday,50,11,False
2025-01-02,Thursday,1,12,False
2025-01-02,Thursday,2,23,False
2025-01-02,Thursday,3,38,False
2025-01-02,Thursday,4,17,False
2025-01-02,Thursday,5,15,False
2025-01-02,Thursday,6,28,False
2025-01-02,Thursday,7,19,False
2025-01-02,Thursday,8,36,False
2025-01-02,Thursday,9,24,False
2025-01-02,Thursday,10,31,False
2025-01-02,Thursday,11,32,False
2025-01-02,Thursday,12,15,False
2025-01-02,Thursday,13,12,False
2025-01-02,Thursday,14,5,False
2025-01-02,Thursday,15,15,False
2025-01-02,Thursday,16,19,False
2025-01-02,Thursday,17,20,False
2025-01-02,Thursday,18,14,False
2025-01-02,Thursday,19,31,False
2025-01-02,Thursday,20,13,False
2025-01-02,Thursday,21,26,False
2025-01-02,Thursday,22,10,False
2025-01-02,Thursday,23,33,False
2025-01-02,Thursday,24,26,False
2025-01-02,Thursday,25,5,False
2025-01-02,Thursday,26,13,False
2025-01-02,Thursday,27,32,False
2025-01-02,Thursday,28,27,False
2025-01-02,Thursday,29,17,False
2025-01-02,Thursday,30,21,False
2025-01-02,Thursday,31,12,False
2025-01-02,Thursday,32,13,False
2025-01-02,Thursday,33,31,False
2025-01-02,Thursday,34,12,False
2025-01-02,Thursday,35,28,False
2025-01-02,Thursday,36,35,False
2025-01-02,Thursday,37,3,False
2025-01-02,Thursday,38,37,False
2025-01-02,Thursday,39,35,False
2025-01-02,Thursday,40,22,False
2025-01-02,Thursday,41,16,False
2025-01-02,Thursday,42,14,False
2025-01-02,Thursday,43,38,False
2025-01-02,Thursday,44,17,False
2025-01-02,Thursday,45,10,False
2025-01-02,Thursday,46,5,False
2025-01-02,Thursday,47,7,False
2025-01-02,Thursday,48,32,False
2025-01-02,Thursday,49,20,False
2025-01-02,Thursday,50,16,False
2025-01-03,Friday,1,20,False
2025-01-03,Friday,2,29,False
2025-01-03,Friday,3,31,False
2025-01-03,Friday,4,16,False
2025-01-03,Friday,5,12,False
2025-01-03,Friday,6,34,False
2025-01-03,Friday,7,17,False
2025-01-03,Friday,8,28,False
2025-01-03,Friday,9,16,False
2025-01-03,Friday,10,31,False
2025-01-03,Friday,11,32,False
2025-01-03,Friday,12,24,False
2025-01-03,Friday,13,14,False
2025-01-03,Friday,14,6,False
2025-01-03,Friday,15,13,False
2025-01-03,Friday,16,26,False
2025-01-03,Friday,17,24,False
2025-01-03,Friday,18,16,False
2025-01-03,Friday,19,35,False
2025-01-03,Friday,20,10,False
2025-01-03,Friday,21,25,False
2025-01-03,Friday,22,7,False
2025-01-03,Friday,23,29,False
2025-01-03,Friday,24,23,False
2025-01-03,Friday,25,7,False
2025-01-03,Friday,26,16,False
2025-01-03,Friday,27,20,False
2025-01-03,Friday,28,40,False
2025-01-03,Friday,29,27,False
2025-01-03,Friday,30,21,False
2025-01-03,Friday,31,11,False
2025-01-03,Friday,32,8,False
2025-01-03,Friday,33,33,False
2025-01-03,Friday,34,14,False
2025-01-03,Friday,35,26,False
2025-01-03,Friday,36,40,False
2025-01-03,Friday,37,4,False
2025-01-03,Friday,38,38,False
2025-01-03,Friday,39,37,False
2025-01-03,Friday,40,25,False
2025-01-03,Friday,41,24,False
2025-01-03,Friday,42,15,False
2025-01-03,Friday,43,24,False
2025-01-03,Friday,44,20,False
2025-01-03,Friday,45,7,False
2025-01-03,Friday,46,5,False
2025-01-03,Friday,47,9,False
2025-01-03,Friday,48,37,False
2025-01-03,Friday,49,13,False
2025-01-03,Friday,50,15,False
2025-01-04,Saturday,1,37,True
2025-01-04,Saturday,2,49,True
2025-01-04,Saturday,3,61,True
2025-01-04,Saturday,4,28,True
2025-01-04,Saturday,5,30,True
2025-01-04,Saturday,6,36,True
2025-01-04,Saturday,7,24,True
2025-01-04,Saturday,8,56,True
2025-01-04,Saturday,9,44,True
2025-01-04,Saturday,10,63,True
2025-01-04,Saturday,11,56,True
2025-01-04,Saturday,12,33,True
2025-01-04,Saturday,13,22,True
2025-01-04,Saturday,14,6,True
2025-01-04,Saturday,15,30,True
2025-01-04,Saturday,16,73,True
2025-01-04,Saturday,17,52,True
2025-01-04,Saturday,18,21,True
2025-01-04,Saturday,19,80,True
2025-01-04,Saturday,20,18,True
2025-01-04,Saturday,21,89,True
2025-01-04,Saturday,22,9,True
2025-01-04,Saturday,23,40,True
2025-01-04,Saturday,24,35,True
2025-01-04,Saturday,25,14,True
2025-01-04,Saturday,26,35,True
2025-01-04,Saturday,27,39,True
2025-01-04,Saturday,28,75,True
2025-01-04,Saturday,29,33,True
2025-01-04,Saturday,30,24,True
2025-01-04,Saturday,31,18,True
2025-01-04,Saturday,32,15,True
2025-01-04,Saturday,33,73,True
2025-01-04,Saturday,34,31,True
2025-01-04,Saturday,35,59,True
2025-01-04,Saturday,36,70,True
2025-01-04,Saturday,37,8,True
2025-01-04,Saturday,38,48,True
2025-01-04,Saturday,39,71,True
2025-01-04,Saturday,40,56,True
2025-01-04,Saturday,41,36,True
2025-01-04,Saturday,42,25,True
2025-01-04,Saturday,43,48,True
2025-01-04,Saturday,44,40,True
2025-01-04,Saturday,45,12,True
2025-01-04,Saturday,46,10,True
2025-01-04,Saturday,47,16,True
2025-01-04,Saturday,48,42,True
2025-01-04,Saturday,49,31,True
2025-01-04,Saturday,50,24,True
2025-01-05,Sunday,1,40,True
2025-01-05,Sunday,2,63,True
2025-01-05,Sunday,3,63,True
2025-01-05,Sunday,4,23,True
2025-01-05,Sunday,5,24,True
2025-01-05,Sunday,6,30,True
2025-01-05,Sunday,7,23,True
2025-01-05,Sunday,8,61,True
2025-01-05,Sunday,9,34,True
2025-01-05,Sunday,10,63,True
2025-01-05,Sunday,11,36,True
2025-01-05,Sunday,12,49,True
2025-01-05,Sunday,13,30,True
2025-01-05,Sunday,14,6,True
2025-01-05,Sunday,15,34,True
2025-01-05,Sunday,16,75,True
2025-01-05,Sunday,17,67,True
2025-01-05,Sunday,18,30,True
2025-01-05,Sunday,19,56,True
2025-01-05,Sunday,20,21,True
2025-01-05,Sunday,21,70,True
2025-01-05,Sunday,22,9,True
2025-01-05,Sunday,23,30,True
2025-01-05,Sunday,24,28,True
2025-01-05,Sunday,25,14,True
2025-01-05,Sunday,26,46,True
2025-01-05,Sunday,27,51,True
2025-01-05,Sunday,28,73,True
2025-01-05,Sunday,29,32,True
2025-01-05,Sunday,30,43,True
2025-01-05,Sunday,31,23,True
2025-01-05,Sunday,32,21,True
2025-01-05,Sunday,33,104,True
2025-01-05,Sunday,34,21,True
2025-01-05,Sunday,35,68,True
2025-01-05,Sunday,36,77,True
2025-01-05,Sunday,37,8,True
2025-01-05,Sunday,38,54,True
2025-01-05,Sunday,39,64,True
2025-01-05,Sunday,40,60,True
2025-01-05,Sunday,41,34,True
2025-01-05,Sunday,42,14,True
2025-01-05,Sunday,43,42,True
2025-01-05,Sunday,44,47,True
2025-01-05,Sunday,45,9,True
2025-01-05,Sunday,46,10,True
2025-01-05,Sunday,47,18,True
2025-01-05,Sunday,48,44,True
2025-01-05,Sunday,49,32,True
2025-01-05,Sunday,50,20,True
2025-01-06,Monday,1,18,False
2025-01-06,Monday,2,31,False
2025-01-06,Monday,3,33,False
2025-01-06,Monday,4,19,False
2025-01-06,Monday,5,14,False
2025-01-06,Monday,6,22,False
2025-01-06,Monday,7,15,False
2025-01-06,Monday,8,42,False
2025-01-06,Monday,9,16,False
2025-01-06,Monday,10,22,False
2025-01-06,Monday,11,37,False
2025-01-06,Monday,12,19,False
2025-01-06,Monday,13,18,False
2025-01-06,Monday,14,3,False
2025-01-06,Monday,15,18,False
2025-01-06,Monday,16,26,False
2025-01-06,Monday,17,30,False
2025-01-06,Monday,18,20,False
2025-01-06,Monday,19,31,False
2025-01-06,Monday,20,16,False
2025-01-06,Monday,21,27,False
2025-01-06,Monday,22,6,False
2025-01-06,Monday,23,25,False
2025-01-06,Monday,24,16,False
2025-01-06,Monday,25,7,False
2025-01-06,Monday,26,17,False
2025-01-06,Monday,27,29,False
2025-01-06,Monday,28,25,False
2025-01-06,Monday,29,21,False
2025-01-06,Monday,30,16,False
2025-01-06,Monday,31,14,False
2025-01-06,Monday,32,13,False
2025-01-06,Monday,33,29,False
2025-01-06,Monday,34,13,False
2025-01-06,Monday,35,30,False
2025-01-06,Monday,36,42,False
2025-01-06,Monday,37,5,False
2025-01-06,Monday,38,23,False
2025-01-06,Monday,39,40,False
2025-01-06,Monday,40,26,False
2025-01-06,Monday,41,16,False
2025-01-06,Monday,42,9,False
2025-01-06,Monday,43,26,False
2025-01-06,Monday,44,21,False
2025-01-06,Monday,45,8,False
2025-01-06,Monday,46,5,False
2025-01-06,Monday,47,10,False
2025-01-06,Monday,48,30,False
2025-01-06,Monday,49,20,False
2025-01-06,Monday,50,11,False
2025-01-07,Tuesday,1,20,False
2025-01-07,Tuesday,2,31,False
2025-01-07,Tuesday,3,37,False
2025-01-07,Tuesday,4,16,False
2025-01-07,Tuesday,5,14,False
2025-01-07,Tuesday,6,20,False
2025-01-07,Tuesday,7,12,False
2025-01-07,Tuesday,8,24,False
2025-01-07,Tuesday,9,16,False
2025-01-07,Tuesday,10,25,False
2025-01-07,Tuesday,11,21,False
2025-01-07,Tuesday,12,24,False
2025-01-07,Tuesday,13,15,False
2025-01-07,Tuesday,14,3,False
2025-01-07,Tuesday,15,16,False
2025-01-07,Tuesday,16,24,False
2025-01-07,Tuesday,17,25,False
2025-01-07,Tuesday,18,20,False
2025-01-07,Tuesday,19,33,False
2025-01-07,Tuesday,20,12,False
2025-01-07,Tuesday,21,32,False
2025-01-07,Tuesday,22,5,False
2025-01-07,Tuesday,23,20,False
2025-01-07,Tuesday,24,16,False
2025-01-07,Tuesday,25,4,False
2025-01-07,Tuesday,26,19,False
2025-01-07,Tuesday,27,20,False
2025-01-07,Tuesday,28,29,False
2025-01-07,Tuesday,29,16,False
2025-01-07,Tuesday,30,13,False
2025-01-07,Tuesday,31,15,False
2025-01-07,Tuesday,32,13,False
2025-01-07,Tuesday,33,39,False
2025-01-07,Tuesday,34,10,False
2025-01-07,Tuesday,35,41,False
2025-01-07,Tuesday,36,26,False
2025-01-07,Tuesday,37,4,False
2025-01-07,Tuesday,38,29,False
2025-01-07,Tuesday,39,37,False
2025-01-07,Tuesday,40,26,False
2025-01-07,Tuesday,41,28,False
2025-01-07,Tuesday,42,14,False
2025-01-07,Tuesday,43,40,False
2025-01-07,Tuesday,44,19,False
2025-01-07,Tuesday,45,9,False
2025-01-07,Tuesday,46,6,False
2025-01-07,Tuesday,47,9,False
2025-01-07,Tuesday,48,34,False
2025-01-07,Tuesday,49,22,False
2025-01-07,Tuesday,50,9,False
2025-01-08,Wednesday,1,16,False
2025-01-08,Wednesday,2,34,False
2025-01-08,Wednesday,3,33,False
2025-01-08,Wednesday,4,11,False
2025-01-08,Wednesday,5,20,False
2025-01-08,Wednesday,6,25,False
2025-01-08,Wednesday,7,18,False
2025-01-08,Wednesday,8,31,False
2025-01-08,Wednesday,9,25,False
2025-01-08,Wednesday,10,29,False
2025-01-08,Wednesday,11,32,False
2025-01-08,Wednesday,12,27,False
2025-01-08,Wednesday,13,15,False
2025-01-08,Wednesday,14,6,False
2025-01-08,Wednesday,15,16,False
2025-01-08,Wednesday,16,28,False
2025-01-08,Wednesday,17,22,False
2025-01-08,Wednesday,18,14,False
2025-01-08,Wednesday,19,27,False
2025-01-08,Wednesday,20,14,False
2025-01-08,Wednesday,21,27,False
2025-01-08,Wednesday,22,9,False
2025-01-08,Wednesday,23,25,False
2025-01-08,Wednesday,24,17,False
2025-01-08,Wednesday,25,5,False
2025-01-08,Wednesday,26,21,False
2025-01-08,Wednesday,27,32,False
2025-01-08,Wednesday,28,37,False
2025-01-08,Wednesday,29,19,False
2025-01-08,Wednesday,30,17,False
2025-01-08,Wednesday,31,19,False
2025-01-08,Wednesday,32,12,False
2025-01-08,Wednesday,33,39,False
2025-01-08,Wednesday,34,13,False
2025-01-08,Wednesday,35,41,False
2025-01-08,Wednesday,36,28,False
2025-01-08,Wednesday,37,5,False
2025-01-08,Wednesday,38,26,False
2025-01-08,Wednesday,39,29,False
2025-01-08,Wednesday,40,23,False
2025-01-08,Wednesday,41,15,False
2025-01-08,Wednesday,42,14,False
2025-01-08,Wednesday,43,23,False
2025-01-08,Wednesday,44,17,False
2025-01-08,Wednesday,45,10,False
2025-01-08,Wednesday,46,6,False
2025-01-08,Wednesday,47,11,False
2025-01-08,Wednesday,48,26,False
2025-01-08,Wednesday,49,14,False
2025-01-08,Wednesday,50,11,False
2025-01-09,Thursday,1,21,False
2025-01-09,Thursday,2,28,False
2025-01-09,Thursday,3,40,False
2025-01-09,Thursday,4,13,False
2025-01-09,Thursday,5,19,False
2025-01-09,Thursday,6,32,False
2025-01-09,Thursday,7,13,False
2025-01-09,Thursday,8,24,False
2025-01-09,Thursday,9,17,False
2025-01-09,Thursday,10,26,False
2025-01-09,Thursday,11,36,False
2025-01-09,Thursday,12,21,False
2025-01-09,Thursday,13,12,False
2025-01-09,Thursday,14,3,False
2025-01-09,Thursday,15,10,False
2025-01-09,Thursday,16,31,False
2025-01-09,Thursday,17,29,False
2025-01-09,Thursday,18,22,False
2025-01-09,Thursday,19,34,False
2025-01-09,Thursday,20,11,False
2025-01-09,Thursday,21,32,False
2025-01-09,Thursday,22,9,False
2025-01-09,Thursday,23,31,False
2025-01-09,Thursday,24,25,False
2025-01-09,Thursday,25,5,False
2025-01-09,Thursday,26,15,False
2025-01-09,Thursday,27,23,False
2025-01-09,Thursday,28,23,False
2025-01-09,Thursday,29,21,False
2025-01-09,Thursday,30,13,False
2025-01-09,Thursday,31,11,False
2025-01-09,Thursday,32,10,False
2025-01-09,Thursday,33,32,False
2025-01-09,Thursday,34,10,False
2025-01-09,Thursday,35,37,False
2025-01-09,Thursday,36,34,False
2025-01-09,Thursday,37,5,False
2025-01-09,Thursday,38,38,False
2025-01-09,Thursday,39,24,False
2025-01-09,Thursday,40,23,False
2025-01-09,Thursday,41,23,False
2025-01-09,Thursday,42,13,False
2025-01-09,Thursday,43,25,False
2025-01-09,Thursday,44,27,False
2025-01-09,Thursday,45,8,False
2025-01-09,Thursday,46,3,False
2025-01-09,Thursday,47,12,False
2025-01-09,Thursday,48,29,False
2025-01-09,Thursday,49,23,False
2025-01-09,Thursday,50,14,False
2025-01-10,Friday,1,16,False
2025-01-10,Friday,2,23,False
2025-01-10,Friday,3,26,False
2025-01-10,Friday,4,18,False
2025-01-10,Friday,5,15,False
2025-01-10,Friday,6,28,False
2025-01-10,Friday,7,15,False
2025-01-10,Friday,8,43,False
2025-01-10,Friday,9,24,False
2025-01-10,Friday,10,19,False
2025-01-10,Friday,11,33,False
2025-01-10,Friday,12,25,False
2025-01-10,Friday,13,13,False
2025-01-10,Friday,14,5,False
2025-01-10,Friday,15,16,False
2025-01-10,Friday,16,25,False
2025-01-10,Friday,17,30,False
2025-01-10,Friday,18,20,False
2025-01-10,Friday,19,38,False
2025-01-10,Friday,20,12,False
2025-01-10,Friday,21,21,False
2025-01-10,Friday,22,9,False
2025-01-10,Friday,23,23,False
2025-01-10,Friday,24,21,False
2025-01-10,Friday,25,6,False
2025-01-10,Friday,26,14,False
2025-01-10,Friday,27,27,False
2025-01-10,Friday,28,27,False
2025-01-10,Friday,29,28,False
2025-01-10,Friday,30,12,False
2025-01-10,Friday,31,17,False
2025-01-10,Friday,32,13,False
2025-01-10,Friday,33,42,False
2025-01-10,Friday,34,10,False
2025-01-10,Friday,35,27,False
2025-01-10,Friday,36,32,False
2025-01-10,Friday,37,4,False
2025-01-10,Friday,38,28,False
2025-01-10,Friday,39,34,False
2025-01-10,Friday,40,28,False
2025-01-10,Friday,41,17,False
2025-01-10,Friday,42,9,False
2025-01-10,Friday,43,33,False
2025-01-10,Friday,44,23,False
2025-01-10,Friday,45,9,False
2025-01-10,Friday,46,4,False
2025-01-10,Friday,47,10,False
2025-01-10,Friday,48,37,False
2025-01-10,Friday,49,18,False
2025-01-10,Friday,50,10,False
2025-01-11,Saturday,1,49,True
2025-01-11,Saturday,2,85,True
2025-01-11,Saturday,3,83,True
2025-01-11,Saturday,4,31,True
2025-01-11,Saturday,5,22,True
2025-01-11,Saturday,6,42,True
2025-01-11,Saturday,7,14,True
2025-01-11,Saturday,8,66,True
2025-01-11,Saturday,9,44,True
2025-01-11,Saturday,10,66,True
2025-01-11,Saturday,11,54,True
2025-01-11,Saturday,12,41,True
2025-01-11,Saturday,13,21,True
2025-01-11,Saturday,14,4,True
2025-01-11,Saturday,15,26,True
2025-01-11,Saturday,16,61,True
2025-01-11,Saturday,17,65,True
2025-01-11,Saturday,18,24,True
2025-01-11,Saturday,19,49,True
2025-01-11,Saturday,20,21,True
2025-01-11,Saturday,21,84,True
2025-01-11,Saturday,22,7,True
2025-01-11,Saturday,23,39,True
2025-01-11,Saturday,24,28,True
2025-01-11,Saturday,25,14,True
2025-01-11,Saturday,26,33,True
2025-01-11,Saturday,27,65,True
2025-01-11,Saturday,28,82,True
2025-01-11,Saturday,29,40,True
2025-01-11,Saturday,30,37,True
2025-01-11,Saturday,31,26,True
2025-01-11,Saturday,32,18,True
2025-01-11,Saturday,33,71,True
2025-01-11,Saturday,34,26,True
2025-01-11,Saturday,35,41,True
2025-01-11,Saturday,36,87,True
2025-01-11,Saturday,37,5,True
2025-01-11,Saturday,38,65,True
2025-01-11,Saturday,39,101,True
2025-01-11,Saturday,40,40,True
2025-01-11,Saturday,41,41,True
2025-01-11,Saturday,42,20,True
2025-01-11,Saturday,43,68,True
2025-01-11,Saturday,44,45,True
2025-01-11,Saturday,45,9,True
2025-01-11,Saturday,46,10,True
2025-01-11,Saturday,47,18,True
2025-01-11,Saturday,48,44,True
2025-01-11,Saturday,49,24,True
2025-01-11,Saturday,50,24,True
2025-01-12,Sunday,1,28,True
2025-01-12,Sunday,2,88,True
2025-01-12,Sunday,3,76,True
2025-01-12,Sunday,4,26,True
2025-01-12,Sunday,5,22,True
2025-01-12,Sunday,6,38,True
2025-01-12,Sunday,7,13,True
2025-01-12,Sunday,8,37,True
2025-01-12,Sunday,9,44,True
2025-01-12,Sunday,10,75,True
2025-01-12,Sunday,11,58,True
2025-01-12,Sunday,12,45,True
2025-01-12,Sunday,13,19,True
2025-01-12,Sunday,14,7,True
2025-01-12,Sunday,15,20,True
2025-01-12,Sunday,16,58,True
2025-01-12,Sunday,17,61,True
2025-01-12,Sunday,18,21,True
2025-01-12,Sunday,19,56,True
2025-01-12,Sunday,20,19,True
2025-01-12,Sunday,21,70,True
2025-01-12,Sunday,22,7,True
2025-01-12,Sunday,23,25,True
2025-01-12,Sunday,24,38,True
2025-01-12,Sunday,25,9,True
2025-01-12,Sunday,26,27,True
2025-01-12,Sunday,27,59,True
2025-01-12,Sunday,28,60,True
2025-01-12,Sunday,29,33,True
2025-01-12,Sunday,30,26,True
2025-01-12,Sunday,31,25,True
2025-01-12,Sunday,32,21,True
2025-01-12,Sunday,33,64,True
2025-01-12,Sunday,34,28,True
2025-01-12,Sunday,35,48,True
2025-01-12,Sunday,36,68,True
2025-01-12,Sunday,37,7,True
2025-01-12,Sunday,38,55,True
2025-01-12,Sunday,39,84,True
2025-01-12,Sunday,40,58,True
2025-01-12,Sunday,41,32,True
2025-01-12,Sunday,42,20,True
2025-01-12,Sunday,43,55,True
2025-01-12,Sunday,44,38,True
2025-01-12,Sunday,45,16,True
2025-01-12,Sunday,46,6,True
2025-01-12,Sunday,47,18,True
2025-01-12,Sunday,48,44,True
2025-01-12,Sunday,49,26,True
2025-01-12,Sunday,50,31,True
2025-01-13,Monday,1,13,False
2025-01-13,Monday,2,29,False
2025-01-13,Monday,3,31,False
2025-01-13,Monday,4,12,False
2025-01-13,Monday,5,20,False
2025-01-13,Monday,6,28,False
2025-01-13,Monday,7,11,False
2025-01-13,Monday,8,42,False
2025-01-13,Monday,9,22,False
2025-01-13,Monday,10,18,False
2025-01-13,Monday,11,30,False
2025-01-13,Monday,12,18,False
2025-01-13,Monday,13,14,False
2025-01-13,Monday,14,5,False
2025-01-13,Monday,15,10,False
2025-01-13,Monday,16,20,False
2025-01-13,Monday,17,27,False
2025-01-13,Monday,18,22,False
2025-01-13,Monday,19,34,False
2025-01-13,Monday,20,11,False
2025-01-13,Monday,21,33,False
2025-01-13,Monday,22,9,False
2025-01-13,Monday,23,31,False
2025-01-13,Monday,24,25,False
2025-01-13,Monday,25,6,False
2025-01-13,Monday,26,19,False
2025-01-13,Monday,27,34,False
2025-01-13,Monday,28,41,False
2025-01-13,Monday,29,29,False
2025-01-13,Monday,30,18,False
2025-01-13,Monday,31,14,False
2025-01-13,Monday,32,13,False
2025-01-13,Monday,33,35,False
2025-01-13,Monday,34,11,False
2025-01-13,Monday,35,25,False
2025-01-13,Monday,36,34,False
2025-01-13,Monday,37,4,False
2025-01-13,Monday,38,26,False
2025-01-13,Monday,39,36,False
2025-01-13,Monday,40,27,False
2025-01-13,Monday,41,22,False
2025-01-13,Monday,42,12,False
2025-01-13,Monday,43,28,False
2025-01-13,Monday,44,26,False
2025-01-13,Monday,45,7,False
2025-01-13,Monday,46,6,False
2025-01-13,Monday,47,8,False
2025-01-13,Monday,48,27,False
2025-01-13,Monday,49,22,False
2025-01-13,Monday,50,9,False
2025-01-14,Tuesday,1,16,False
2025-01-14,Tuesday,2,23,False
2025-01-14,Tuesday,3,37,False
2025-01-14,Tuesday,4,17,False
2025-01-14,Tuesday,5,21,False
2025-01-14,Tuesday,6,27,False
2025-01-14,Tuesday,7,18,False
2025-01-14,Tuesday,8,41,False
2025-01-14,Tuesday,9,24,False
2025-01-14,Tuesday,10,31,False
2025-01-14,Tuesday,11,33,False
2025-01-14,Tuesday,12,19,False
2025-01-14,Tuesday,13,15,False
2025-01-14,Tuesday,14,5,False
2025-01-14,Tuesday,15,13,False
2025-01-14,Tuesday,16,22,False
2025-01-14,Tuesday,17,24,False
2025-01-14,Tuesday,18,21,False
2025-01-14,Tuesday,19,27,False
2025-01-14,Tuesday,20,16,False
2025-01-14,Tuesday,21,22,False
2025-01-14,Tuesday,22,9,False
2025-01-14,Tuesday,23,31,False
2025-01-14,Tuesday,24,27,False
2025-01-14,Tuesday,25,7,False
2025-01-14,Tuesday,26,19,False
2025-01-14,Tuesday,27,26,False
2025-01-14,Tuesday,28,28,False
2025-01-14,Tuesday,29,17,False
2025-01-14,Tuesday,30,15,False
2025-01-14,Tuesday,31,13,False
2025-01-14,Tuesday,32,10,False
2025-01-14,Tuesday,33,44,False
2025-01-14,Tuesday,34,12,False
2025-01-14,Tuesday,35,29,False
2025-01-14,Tuesday,36,28,False
2025-01-14,Tuesday,37,6,False
2025-01-14,Tuesday,38,23,False
2025-01-14,Tuesday,39,36,False
2025-01-14,Tuesday,40,20,False
2025-01-14,Tuesday,41,23,False
2025-01-14,Tuesday,42,8,False
2025-01-14,Tuesday,43,24,False
2025-01-14,Tuesday,44,18,False
2025-01-14,Tuesday,45,9,False
2025-01-14,Tuesday,46,3,False
2025-01-14,Tuesday,47,12,False
2025-01-14,Tuesday,48,35,False
2025-01-14,Tuesday,49,23,False
2025-01-14,Tuesday,50,16,False
2025-01-15,Wednesday,1,15,False
2025-01-15,Wednesday,2,34,False
2025-01-15,Wednesday,3,28,False
2025-01-15,Wednesday,4,19,False
2025-01-15,Wednesday,5,21,False
2025-01-15,Wednesday,6,23,False
2025-01-15,Wednesday,7,13,False
2025-01-15,Wednesday,8,32,False
2025-01-15,Wednesday,9,15,False
2025-01-15,Wednesday,10,33,False
2025-01-15,Wednesday,11,36,False
2025-01-15,Wednesday,12,23,False
2025-01-15,Wednesday,13,11,False
2025-01-15,Wednesday,14,5,False
2025-01-15,Wednesday,15,13,False
2025-01-15,Wednesday,16,22,False
2025-01-15,Wednesday,17,18,False
2025-01-15,Wednesday,18,23,False
2025-01-15,Wednesday,19,35,False
2025-01-15,Wednesday,20,10,False
2025-01-15,Wednesday,21,24,False
2025-01-15,Wednesday,22,8,False
2025-01-15,Wednesday,23,32,False
2025-01-15,Wednesday,24,27,False
2025-01-15,Wednesday,25,7,False
2025-01-15,Wednesday,26,14,False
2025-01-15,Wednesday,27,21,False
2025-01-15,Wednesday,28,24,False
2025-01-15,Wednesday,29,25,False
2025-01-15,Wednesday,30,21,False
2025-01-15,Wednesday,31,13,False
2025-01-15,Wednesday,32,11,False
2025-01-15,Wednesday,33,49,False
2025-01-15,Wednesday,34,9,False
2025-01-15,Wednesday,35,45,False
2025-01-15,Wednesday,36,41,False
2025-01-15,Wednesday,37,3,False
2025-01-15,Wednesday,38,35,False
2025-01-15,Wednesday,39,26,False
2025-01-15,Wednesday,40,31,False
2025-01-15,Wednesday,41,21,False
2025-01-15,Wednesday,42,15,False
2025-01-15,Wednesday,43,35,False
2025-01-15,Wednesday,44,19,False
2025-01-15,Wednesday,45,9,False
2025-01-15,Wednesday,46,6,False
2025-01-15,Wednesday,47,8,False
2025-01-15,Wednesday,48,32,False
2025-01-15,Wednesday,49,19,False
2025-01-15,Wednesday,50,16,False
2025-01-16,Thursday,1,12,False
2025-01-16,Thursday,2,40,False
2025-01-16,Thursday,3,23,False
2025-01-16,Thursday,4,16,False
2025-01-16,Thursday,5,15,False
2025-01-16,Thursday,6,24,False
2025-01-16,Thursday,7,14,False
2025-01-16,Thursday,8,33,False
2025-01-16,Thursday,9,21,False
2025-01-16,Thursday,10,29,False
2025-01-16,Thursday,11,24,False
2025-01-16,Thursday,12,22,False
2025-01-16,Thursday,13,15,False
2025-01-16,Thursday,14,3,False
2025-01-16,Thursday,15,17,False
2025-01-16,Thursday,16,28,False
2025-01-16,Thursday,17,17,False
2025-01-16,Thursday,18,21,False
2025-01-16,Thursday,19,29,False
2025-01-16,Thursday,20,16,False
2025-01-16,Thursday,21,21,False
2025-01-16,Thursday,22,9,False
2025-01-16,Thursday,23,34,False
2025-01-16,Thursday,24,21,False
2025-01-16,Thursday,25,6,False
2025-01-16,Thursday,26,13,False
2025-01-16,Thursday,27,20,False
2025-01-16,Thursday,28,25,False
2025-01-16,Thursday,29,25,False
2025-01-16,Thursday,30,21,False
2025-01-16,Thursday,31,14,False
2025-01-16,Thursday,32,13,False
2025-01-16,Thursday,33,42,False
2025-01-16,Thursday,34,11,False
2025-01-16,Thursday,35,33,False
2025-01-16,Thursday,36,25,False
2025-01-16,Thursday,37,4,False
2025-01-16,Thursday,38,21,False
2025-01-16,Thursday,39,38,False
2025-01-16,Thursday,40,24,False
2025-01-16,Thursday,41,28,False
2025-01-16,Thursday,42,12,False
2025-01-16,Thursday,43,23,False
2025-01-16,Thursday,44,23,False
2025-01-16,Thursday,45,5,False
2025-01-16,Thursday,46,5,False
2025-01-16,Thursday,47,7,False
2025-01-16,Thursday,48,28,False
2025-01-16,Thursday,49,18,False
2025-01-16,Thursday,50,10,False
2025-01-17,Friday,1,18,False
2025-01-17,Friday,2,31,False
2025-01-17,Friday,3,22,False
2025-01-17,Friday,4,14,False
2025-01-17,Friday,5,14,False
2025-01-17,Friday,6,23,False
2025-01-17,Friday,7,15,False
2025-01-17,Friday,8,31,False
2025-01-17,Friday,9,14,False
2025-01-17,Friday,10,29,False
2025-01-17,Friday,11,35,False
2025-01-17,Friday,12,23,False
2025-01-17,Friday,13,17,False
2025-01-17,Friday,14,4,False
2025-01-17,Friday,15,11,False
2025-01-17,Friday,16,25,False
2025-01-17,Friday,17,22,False
2025-01-17,Friday,18,19,False
2025-01-17,Friday,19,27,False
2025-01-17,Friday,20,14,False
2025-01-17,Friday,21,33,False
2025-01-17,Friday,22,6,False
2025-01-17,Friday,23,19,False
2025-01-17,Friday,24,25,False
2025-01-17,Friday,25,6,False
2025-01-17,Friday,26,18,False
2025-01-17,Friday,27,20,False
2025-01-17,Friday,28,28,False
2025-01-17,Friday,29,25,False
2025-01-17,Friday,30,20,False
2025-01-17,Friday,31,18,False
2025-01-17,Friday,32,8,False
2025-01-17,Friday,33,27,False
2025-01-17,Friday,34,14,False
2025-01-17,Friday,35,41,False
2025-01-17,Friday,36,26,False
2025-01-17,Friday,37,3,False
2025-01-17,Friday,38,37,False
2025-01-17,Friday,39,38,False
2025-01-17,Friday,40,20,False
2025-01-17,Friday,41,18,False
2025-01-17,Friday,42,12,False
2025-01-17,Friday,43,41,False
2025-01-17,Friday,44,19,False
2025-01-17,Friday,45,7,False
2025-01-17,Friday,46,5,False
2025-01-17,Friday,47,10,False
2025-01-17,Friday,48,35,False
2025-01-17,Friday,49,22,False
2025-01-17,Friday,50,13,False
2025-01-18,Saturday,1,33,True
2025-01-18,Saturday,2,74,True
2025-01-18,Saturday,3,93,True
2025-01-18,Saturday,4,25,True
2025-01-18,Saturday,5,30,True
2025-01-18,Saturday,6,34,True
2025-01-18,Saturday,7,17,True
2025-01-18,Saturday,8,55,True
2025-01-18,Saturday,9,27,True
2025-01-18,Saturday,10,54,True
2025-01-18,Saturday,11,65,True
2025-01-18,Saturday,12,45,True
2025-01-18,Saturday,13,36,True
2025-01-18,Saturday,14,7,True
2025-01-18,Saturday,15,34,True
2025-01-18,Saturday,16,78,True
2025-01-18,Saturday,17,59,True
2025-01-18,Saturday,18,24,True
2025-01-18,Saturday,19,80,True
2025-01-18,Saturday,20,14,True
2025-01-18,Saturday,21,89,True
2025-01-18,Saturday,22,10,True
2025-01-18,Saturday,23,29,True
2025-01-18,Saturday,24,43,True
2025-01-18,Saturday,25,16,True
2025-01-18,Saturday,26,31,True
2025-01-18,Saturday,27,49,True
2025-01-18,Saturday,28,64,True
2025-01-18,Saturday,29,25,True
2025-01-18,Saturday,30,39,True
2025-01-18,Saturday,31,20,True
2025-01-18,Saturday,32,15,True
2025-01-18,Saturday,33,95,True
2025-01-18,Saturday,34,26,True
2025-01-18,Saturday,35,62,True
2025-01-18,Saturday,36,93,True
2025-01-18,Saturday,37,5,True
2025-01-18,Saturday,38,61,True
2025-01-18,Saturday,39,89,True
2025-01-18,Saturday,40,42,True
2025-01-18,Saturday,41,30,True
2025-01-18,Saturday,42,25,True
2025-01-18,Saturday,43,58,True
2025-01-18,Saturday,44,42,True
2025-01-18,Saturday,45,9,True
2025-01-18,Saturday,46,8,True
2025-01-18,Saturday,47,16,True
2025-01-18,Saturday,48,53,True
2025-01-18,Saturday,49,21,True
2025-01-18,Saturday,50,24,True
2025-01-19,Sunday,1,44,True
2025-01-19,Sunday,2,90,True
2025-01-19,Sunday,3,76,True
2025-01-19,Sunday,4,17,True
2025-01-19,Sunday,5,32,True
2025-01-19,Sunday,6,33,True
2025-01-19,Sunday,7,17,True
2025-01-19,Sunday,8,41,True
2025-01-19,Sunday,9,44,True
2025-01-19,Sunday,10,71,True
2025-01-19,Sunday,11,40,True
2025-01-19,Sunday,12,47,True
2025-01-19,Sunday,13,30,True
2025-01-19,Sunday,14,6,True
2025-01-19,Sunday,15,18,True
2025-01-19,Sunday,16,65,True
2025-01-19,Sunday,17,37,True
2025-01-19,Sunday,18,28,True
2025-01-19,Sunday,19,51,True
2025-01-19,Sunday,20,15,True
2025-01-19,Sunday,21,86,True
2025-01-19,Sunday,22,7,True
2025-01-19,Sunday,23,35,True
2025-01-19,Sunday,24,45,True
2025-01-19,Sunday,25,14,True
2025-01-19,Sunday,26,40,True
2025-01-19,Sunday,27,63,True
2025-01-19,Sunday,28,53,True
2025-01-19,Sunday,29,26,True
2025-01-19,Sunday,30,26,True
2025-01-19,Sunday,31,28,True
2025-01-19,Sunday,32,16,True
2025-01-19,Sunday,33,84,True
2025-01-19,Sunday,34,33,True
2025-01-19,Sunday,35,54,True
2025-01-19,Sunday,36,80,True
2025-01-19,Sunday,37,8,True
2025-01-19,Sunday,38,65,True
2025-01-19,Sunday,39,59,True
2025-01-19,Sunday,40,54,True
2025-01-19,Sunday,41,38,True
2025-01-19,Sunday,42,27,True
2025-01-19,Sunday,43,42,True
2025-01-19,Sunday,44,45,True
2025-01-19,Sunday,45,9,True
2025-01-19,Sunday,46,6,True
2025-01-19,Sunday,47,15,True
2025-01-19,Sunday,48,70,True
2025-01-19,Sunday,49,21,True
2025-01-19,Sunday,50,27,True
2025-01-20,Monday,1,20,False
2025-01-20,Monday,2,39,False
2025-01-20,Monday,3,33,False
2025-01-20,Monday,4,13,False
2025-01-20,Monday,5,12,False
2025-01-20,Monday,6,20,False
2025-01-20,Monday,7,16,False
2025-01-20,Monday,8,38,False
2025-01-20,Monday,9,25,False
2025-01-20,Monday,10,21,False
2025-01-20,Monday,11,36,False
2025-01-20,Monday,12,24,False
2025-01-20,Monday,13,17,False
2025-01-20,Monday,14,5,False
2025-01-20,Monday,15,12,False
2025-01-20,Monday,16,30,False
2025-01-20,Monday,17,27,False
2025-01-20,Monday,18,15,False
2025-01-20,Monday,19,32,False
2025-01-20,Monday,20,16,False
2025-01-20,Monday,21,28,False
2025-01-20,Monday,22,8,False
2025-01-20,Monday,23,23,False
2025-01-20,Monday,24,16,False
2025-01-20,Monday,25,4,False
2025-01-20,Monday,26,15,False
2025-01-20,Monday,27,34,False
2025-01-20,Monday,28,36,False
2025-01-20,Monday,29,27,False
2025-01-20,Monday,30,18,False
2025-01-20,Monday,31,13,False
2025-01-20,Monday,32,14,False
2025-01-20,Monday,33,37,False
2025-01-20,Monday,34,14,False
2025-01-20,Monday,35,39,False
2025-01-20,Monday,36,32,False
2025-01-20,Monday,37,3,False
2025-01-20,Monday,38,37,False
2025-01-20,Monday,39,24,False
2025-01-20,Monday,40,20,False
2025-01-20,Monday,41,16,False
2025-01-20,Monday,42,15,False
2025-01-20,Monday,43,27,False
2025-01-20,Monday,44,29,False
2025-01-20,Monday,45,6,False
2025-01-20,Monday,46,4,False
2025-01-20,Monday,47,10,False
2025-01-20,Monday,48,33,False
2025-01-20,Monday,49,14,False
2025-01-20,Monday,50,16,False
2025-01-21,Tuesday,1,21,False
2025-01-21,Tuesday,2,31,False
2025-01-21,Tuesday,3,27,False
2025-01-21,Tuesday,4,12,False
2025-01-21,Tuesday,5,20,False
2025-01-21,Tuesday,6,23,False
2025-01-21,Tuesday,7,12,False
2025-01-21,Tuesday,8,40,False
2025-01-21,Tuesday,9,25,False
2025-01-21,Tuesday,10,31,False
2025-01-21,Tuesday,11,23,False
2025-01-21,Tuesday,12,22,False
2025-01-21,Tuesday,13,19,False
2025-01-21,Tuesday,14,4,False
2025-01-21,Tuesday,15,11,False
2025-01-21,Tuesday,16,22,False
2025-01-21,Tuesday,17,21,False
2025-01-21,Tuesday,18,17,False
2025-01-21,Tuesday,19,38,False
2025-01-21,Tuesday,20,16,False
2025-01-21,Tuesday,21,37,False
2025-01-21,Tuesday,22,8,False
2025-01-21,Tuesday,23,30,False
2025-01-21,Tuesday,24,24,False
2025-01-21,Tuesday,25,5,False
2025-01-21,Tuesday,26,22,False
2025-01-21,Tuesday,27,34,False
2025-01-21,Tuesday,28,40,False
2025-01-21,Tuesday,29,24,False
2025-01-21,Tuesday,30,14,False
2025-01-21,Tuesday,31,18,False
2025-01-21,Tuesday,32,11,False
2025-01-21,Tuesday,33,32,False
2025-01-21,Tuesday,34,16,False
2025-01-21,Tuesday,35,42,False
2025-01-21,Tuesday,36,40,False
2025-01-21,Tuesday,37,6,False
2025-01-21,Tuesday,38,31,False
2025-01-21,Tuesday,39,30,False
2025-01-21,Tuesday,40,28,False
2025-01-21,Tuesday,41,19,False
2025-01-21,Tuesday,42,14,False
2025-01-21,Tuesday,43,34,False
2025-01-21,Tuesday,44,24,False
2025-01-21,Tuesday,45,7,False
2025-01-21,Tuesday,46,4,False
2025-01-21,Tuesday,47,8,False
2025-01-21,Tuesday,48,40,False
2025-01-21,Tuesday,49,17,False
2025-01-21,Tuesday,50,16,False
2025-01-22,Wednesday,1,19,False
2025-01-22,Wednesday,2,23,False
2025-01-22,Wednesday,3,30,False
2025-01-22,Wednesday,4,12,False
2025-01-22,Wednesday,5,21,False
2025-01-22,Wednesday,6,21,False
2025-01-22,Wednesday,7,17,False
2025-01-22,Wednesday,8,30,False
2025-01-22,Wednesday,9,20,False
2025-01-22,Wednesday,10,24,False
2025-01-22,Wednesday,11,35,False
2025-01-22,Wednesday,12,26,False
2025-01-22,Wednesday,13,15,False
2025-01-22,Wednesday,14,5,False
2025-01-22,Wednesday,15,15,False
2025-01-22,Wednesday,16,31,False
2025-01-22,Wednesday,17,27,False
2025-01-22,Wednesday,18,15,False
2025-01-22,Wednesday,19,25,False
2025-01-22,Wednesday,20,11,False
2025-01-22,Wednesday,21,38,False
2025-01-22,Wednesday,22,9,False
2025-01-22,Wednesday,23,29,False
2025-01-22,Wednesday,24,18,False
2025-01-22,Wednesday,25,4,False
2025-01-22,Wednesday,26,12,False
2025-01-22,Wednesday,27,32,False
2025-01-22,Wednesday,28,39,False
2025-01-22,Wednesday,29,21,False
2025-01-22,Wednesday,30,18,False
2025-01-22,Wednesday,31,15,False
2025-01-22,Wednesday,32,12,False
2025-01-22,Wednesday,33,36,False
2025-01-22,Wednesday,34,15,False
2025-01-22,Wednesday,35,34,False
2025-01-22,Wednesday,36,39,False
2025-01-22,Wednesday,37,4,False
2025-01-22,Wednesday,38,36,False
2025-01-22,Wednesday,39,37,False
2025-01-22,Wednesday,40,23,False
2025-01-22,Wednesday,41,18,False
2025-01-22,Wednesday,42,9,False
2025-01-22,Wednesday,43,28,False
2025-01-22,Wednesday,44,23,False
2025-01-22,Wednesday,45,8,False
2025-01-22,Wednesday,46,4,False
2025-01-22,Wednesday,47,10,False
2025-01-22,Wednesday,48,37,False
2025-01-22,Wednesday,49,18,False
2025-01-22,Wednesday,50,14,False
2025-01-23,Thursday,1,13,False
2025-01-23,Thursday,2,39,False
2025-01-23,Thursday,3,34,False
2025-01-23,Thursday,4,19,False
2025-01-23,Thursday,5,18,False
2025-01-23,Thursday,6,28,False
2025-01-23,Thursday,7,11,False
2025-01-23,Thursday,8,29,False
2025-01-23,Thursday,9,25,False
2025-01-23,Thursday,10,29,False
2025-01-23,Thursday,11,37,False
2025-01-23,Thursday,12,26,False
2025-01-23,Thursday,13,12,False
2025-01-23,Thursday,14,6,False
2025-01-23,Thursday,15,14,False
2025-01-23,Thursday,16,29,False
2025-01-23,Thursday,17,30,False
2025-01-23,Thursday,18,15,False
2025-01-23,Thursday,19,38,False
2025-01-23,Thursday,20,12,False
2025-01-23,Thursday,21,32,False
2025-01-23,Thursday,22,9,False
2025-01-23,Thursday,23,28,False
2025-01-23,Thursday,24,23,False
2025-01-23,Thursday,25,6,False
2025-01-23,Thursday,26,13,False
2025-01-23,Thursday,27,34,False
2025-01-23,Thursday,28,24,False
2025-01-23,Thursday,29,19,False
2025-01-23,Thursday,30,13,False
2025-01-23,Thursday,31,11,False
2025-01-23,Thursday,32,10,False
2025-01-23,Thursday,33,43,False
2025-01-23,Thursday,34,11,False
2025-01-23,Thursday,35,41,False
2025-01-23,Thursday,36,28,False
2025-01-23,Thursday,37,6,False
2025-01-23,Thursday,38,32,False
2025-01-23,Thursday,39,33,False
2025-01-23,Thursday,40,25,False
2025-01-23,Thursday,41,25,False
2025-01-23,Thursday,42,12,False
2025-01-23,Thursday,43,30,False
2025-01-23,Thursday,44,25,False
2025-01-23,Thursday,45,7,False
2025-01-23,Thursday,46,4,False
2025-01-23,Thursday,47,9,False
2025-01-23,Thursday,48,24,False
2025-01-23,Thursday,49,17,False
2025-01-23,Thursday,50,16,False
2025-01-24,Friday,1,16,False
2025-01-24,Friday,2,39,False
2025-01-24,Friday,3,24,False
2025-01-24,Friday,4,13,False
2025-01-24,Friday,5,12,False
2025-01-24,Friday,6,25,False
2025-01-24,Friday,7,17,False
2025-01-24,Friday,8,43,False
2025-01-24,Friday,9,19,False
2025-01-24,Friday,10,22,False
2025-01-24,Friday,11,33,False
2025-01-24,Friday,12,19,False
2025-01-24,Friday,13,14,False
2025-01-24,Friday,14,3,False
2025-01-24,Friday,15,16,False
2025-01-24,Friday,16,30,False
2025-01-24,Friday,17,28,False
2025-01-24,Friday,18,12,False
2025-01-24,Friday,19,34,False
2025-01-24,Friday,20,16,False
2025-01-24,Friday,21,33,False
2025-01-24,Friday,22,6,False
2025-01-24,Friday,23,20,False
2025-01-24,Friday,24,16,False
2025-01-24,Friday,25,6,False
2025-01-24,Friday,26,15,False
2025-01-24,Friday,27,19,False
2025-01-24,Friday,28,35,False
2025-01-24,Friday,29,20,False
2025-01-24,Friday,30,15,False
2025-01-24,Friday,31,11,False
2025-01-24,Friday,32,11,False
2025-01-24,Friday,33,30,False
2025-01-24,Friday,34,16,False
2025-01-24,Friday,35,34,False
2025-01-24,Friday,36,29,False
2025-01-24,Friday,37,6,False
2025-01-24,Friday,38,22,False
2025-01-24,Friday,39,32,False
2025-01-24,Friday,40,32,False
2025-01-24,Friday,41,21,False
2025-01-24,Friday,42,9,False
2025-01-24,Friday,43,25,False
2025-01-24,Friday,44,26,False
2025-01-24,Friday,45,9,False
2025-01-24,Friday,46,3,False
2025-01-24,Friday,47,7,False
2025-01-24,Friday,48,35,False
2025-01-24,Friday,49,15,False
2025-01-24,Friday,50,11,False
2025-01-25,Saturday,1,30,True
2025-01-25,Saturday,2,88,True
2025-01-25,Saturday,3,100,True
2025-01-25,Saturday,4,22,True
2025-01-25,Saturday,5,24,True
2025-01-25,Saturday,6,39,True
2025-01-25,Saturday,7,21,True
2025-01-25,Saturday,8,44,True
2025-01-25,Saturday,9,31,True
2025-01-25,Saturday,10,78,True
2025-01-25,Saturday,11,38,True
2025-01-25,Saturday,12,51,True
2025-01-25,Saturday,13,28,True
2025-01-25,Saturday,14,4,True
2025-01-25,Saturday,15,32,True
2025-01-25,Saturday,16,58,True
2025-01-25,Saturday,17,44,True
2025-01-25,Saturday,18,28,True
2025-01-25,Saturday,19,85,True
2025-01-25,Saturday,20,14,True
2025-01-25,Saturday,21,49,True
2025-01-25,Saturday,22,12,True
2025-01-25,Saturday,23,34,True
2025-01-25,Saturday,24,40,True
2025-01-25,Saturday,25,12,True
2025-01-25,Saturday,26,31,True
2025-01-25,Saturday,27,59,True
2025-01-25,Saturday,28,71,True
2025-01-25,Saturday,29,25,True
2025-01-25,Saturday,30,26,True
2025-01-25,Saturday,31,29,True
2025-01-25,Saturday,32,23,True
2025-01-25,Saturday,33,77,True
2025-01-25,Saturday,34,33,True
2025-01-25,Saturday,35,60,True
2025-01-25,Saturday,36,103,True
2025-01-25,Saturday,37,7,True
2025-01-25,Saturday,38,59,True
2025-01-25,Saturday,39,84,True
2025-01-25,Saturday,40,42,True
2025-01-25,Saturday,41,38,True
2025-01-25,Saturday,42,20,True
2025-01-25,Saturday,43,42,True
2025-01-25,Saturday,44,49,True
2025-01-25,Saturday,45,14,True
2025-01-25,Saturday,46,10,True
2025-01-25,Saturday,47,20,True
2025-01-25,Saturday,48,68,True
2025-01-25,Saturday,49,34,True
2025-01-25,Saturday,50,33,True
2025-01-26,Sunday,1,33,True
2025-01-26,Sunday,2,79,True
2025-01-26,Sunday,3,56,True
2025-01-26,Sunday,4,26,True
2025-01-26,Sunday,5,19,True
2025-01-26,Sunday,6,30,True
2025-01-26,Sunday,7,24,True
2025-01-26,Sunday,8,61,True
2025-01-26,Sunday,9,38,True
2025-01-26,Sunday,10,75,True
2025-01-26,Sunday,11,63,True
2025-01-26,Sunday,12,39,True
2025-01-26,Sunday,13,28,True
2025-01-26,Sunday,14,6,True
2025-01-26,Sunday,15,22,True
2025-01-26,Sunday,16,41,True
2025-01-26,Sunday,17,52,True
2025-01-26,Sunday,18,29,True
2025-01-26,Sunday,19,53,True
2025-01-26,Sunday,20,18,True
2025-01-26,Sunday,21,56,True
2025-01-26,Sunday,22,9,True
2025-01-26,Sunday,23,27,True
2025-01-26,Sunday,24,40,True
2025-01-26,Sunday,25,14,True
2025-01-26,Sunday,26,46,True
2025-01-26,Sunday,27,47,True
2025-01-26,Sunday,28,51,True
2025-01-26,Sunday,29,39,True
2025-01-26,Sunday,30,30,True
2025-01-26,Sunday,31,15,True
2025-01-26,Sunday,32,16,True
2025-01-26,Sunday,33,106,True
2025-01-26,Sunday,34,38,True
2025-01-26,Sunday,35,68,True
2025-01-26,Sunday,36,64,True
2025-01-26,Sunday,37,10,True
2025-01-26,Sunday,38,46,True
2025-01-26,Sunday,39,79,True
2025-01-26,Sunday,40,52,True
2025-01-26,Sunday,41,47,True
2025-01-26,Sunday,42,23,True
2025-01-26,Sunday,43,40,True
2025-01-26,Sunday,44,38,True
2025-01-26,Sunday,45,14,True
2025-01-26,Sunday,46,8,True
2025-01-26,Sunday,47,16,True
2025-01-26,Sunday,48,68,True
2025-01-26,Sunday,49,27,True
2025-01-26,Sunday,50,36,True
2025-01-27,Monday,1,20,False
2025-01-27,Monday,2,40,False
2025-01-27,Monday,3,27,False
2025-01-27,Monday,4,20,False
2025-01-27,Monday,5,18,False
2025-01-27,Monday,6,23,False
2025-01-27,Monday,7,15,False
2025-01-27,Monday,8,38,False
2025-01-27,Monday,9,26,False
2025-01-27,Monday,10,24,False
2025-01-27,Monday,11,30,False
2025-01-27,Monday,12,24,False
2025-01-27,Monday,13,11,False
2025-01-27,Monday,14,5,False
2025-01-27,Monday,15,15,False
2025-01-27,Monday,16,21,False
2025-01-27,Monday,17,22,False
2025-01-27,Monday,18,12,False
2025-01-27,Monday,19,38,False
2025-01-27,Monday,20,11,False
2025-01-27,Monday,21,35,False
2025-01-27,Monday,22,6,False
2025-01-27,Monday,23,31,False
2025-01-27,Monday,24,25,False
2025-01-27,Monday,25,7,False
2025-01-27,Monday,26,19,False
2025-01-27,Monday,27,25,False
2025-01-27,Monday,28,40,False
2025-01-27,Monday,29,23,False
2025-01-27,Monday,30,15,False
2025-01-27,Monday,31,12,False
2025-01-27,Monday,32,9,False
2025-01-27,Monday,33,39,False
2025-01-27,Monday,34,13,False
2025-01-27,Monday,35,35,False
2025-01-27,Monday,36,28,False
2025-01-27,Monday,37,5,False
2025-01-27,Monday,38,21,False
2025-01-27,Monday,39,38,False
2025-01-27,Monday,40,19,False
2025-01-27,Monday,41,19,False
2025-01-27,Monday,42,10,False
2025-01-27,Monday,43,24,False
2025-01-27,Monday,44,23,False
2025-01-27,Monday,45,8,False
2025-01-27,Monday,46,3,False
2025-01-27,Monday,47,8,False
2025-01-27,Monday,48,41,False
2025-01-27,Monday,49,18,False
2025-01-27,Monday,50,12,False
2025-01-28,Tuesday,1,20,False
2025-01-28,Tuesday,2,38,False
2025-01-28,Tuesday,3,41,False
2025-01-28,Tuesday,4,13,False
2025-01-28,Tuesday,5,15,False
2025-01-28,Tuesday,6,26,False
2025-01-28,Tuesday,7,11,False
2025-01-28,Tuesday,8,34,False
2025-01-28,Tuesday,9,20,False
2025-01-28,Tuesday,10,25,False
2025-01-28,Tuesday,11,21,False
2025-01-28,Tuesday,12,23,False
2025-01-28,Tuesday,13,13,False
2025-01-28,Tuesday,14,6,False
2025-01-28,Tuesday,15,12,False
2025-01-28,Tuesday,16,31,False
2025-01-28,Tuesday,17,26,False
2025-01-28,Tuesday,18,13,False
2025-01-28,Tuesday,19,33,False
2025-01-28,Tuesday,20,17,False
2025-01-28,Tuesday,21,26,False
2025-01-28,Tuesday,22,6,False
2025-01-28,Tuesday,23,26,False
2025-01-28,Tuesday,24,21,False
2025-01-28,Tuesday,25,5,False
2025-01-28,Tuesday,26,13,False
2025-01-28,Tuesday,27,28,False
2025-01-28,Tuesday,28,25,False
2025-01-28,Tuesday,29,28,False
2025-01-28,Tuesday,30,19,False
2025-01-28,Tuesday,31,16,False
2025-01-28,Tuesday,32,10,False
2025-01-28,Tuesday,33,43,False
2025-01-28,Tuesday,34,13,False
2025-01-28,Tuesday,35,45,False
2025-01-28,Tuesday,36,34,False
2025-01-28,Tuesday,37,4,False
2025-01-28,Tuesday,38,37,False
2025-01-28,Tuesday,39,38,False
2025-01-28,Tuesday,40,28,False
2025-01-28,Tuesday,41,21,False
2025-01-28,Tuesday,42,13,False
2025-01-28,Tuesday,43,31,False
2025-01-28,Tuesday,44,24,False
2025-01-28,Tuesday,45,7,False
2025-01-28,Tuesday,46,3,False
2025-01-28,Tuesday,47,12,False
2025-01-28,Tuesday,48,38,False
2025-01-28,Tuesday,49,20,False
2025-01-28,Tuesday,50,14,False
2025-01-29,Wednesday,1,19,False
2025-01-29,Wednesday,2,23,False
2025-01-29,Wednesday,3,27,False
2025-01-29,Wednesday,4,11,False
2025-01-29,Wednesday,5,18,False
2025-01-29,Wednesday,6,24,False
2025-01-29,Wednesday,7,16,False
2025-01-29,Wednesday,8,37,False
2025-01-29,Wednesday,9,22,False
2025-01-29,Wednesday,10,30,False
2025-01-29,Wednesday,11,26,False
2025-01-29,Wednesday,12,17,False
2025-01-29,Wednesday,13,11,False
2025-01-29,Wednesday,14,4,False
2025-01-29,Wednesday,15,16,False
2025-01-29,Wednesday,16,30,False
2025-01-29,Wednesday,17,19,False
2025-01-29,Wednesday,18,21,False
2025-01-29,Wednesday,19,35,False
2025-01-29,Wednesday,20,11,False
2025-01-29,Wednesday,21,38,False
2025-01-29,Wednesday,22,7,False
2025-01-29,Wednesday,23,30,False
2025-01-29,Wednesday,24,27,False
2025-01-29,Wednesday,25,5,False
2025-01-29,Wednesday,26,19,False
2025-01-29,Wednesday,27,22,False
2025-01-29,Wednesday,28,39,False
2025-01-29,Wednesday,29,28,False
2025-01-29,Wednesday,30,18,False
2025-01-29,Wednesday,31,11,False
2025-01-29,Wednesday,32,14,False
2025-01-29,Wednesday,33,41,False
2025-01-29,Wednesday,34,16,False
2025-01-29,Wednesday,35,33,False
2025-01-29,Wednesday,36,30,False
2025-01-29,Wednesday,37,6,False
2025-01-29,Wednesday,38,31,False
2025-01-29,Wednesday,39,34,False
2025-01-29,Wednesday,40,21,False
2025-01-29,Wednesday,41,23,False
2025-01-29,Wednesday,42,11,False
2025-01-29,Wednesday,43,24,False
2025-01-29,Wednesday,44,18,False
2025-01-29,Wednesday,45,6,False
2025-01-29,Wednesday,46,4,False
2025-01-29,Wednesday,47,11,False
2025-01-29,Wednesday,48,25,False
2025-01-29,Wednesday,49,23,False
2025-01-29,Wednesday,50,9,False
2025-01-30,Thursday,1,13,False
2025-01-30,Thursday,2,38,False
2025-01-30,Thursday,3,28,False
2025-01-30,Thursday,4,20,False
2025-01-30,Thursday,5,21,False
2025-01-30,Thursday,6,30,False
2025-01-30,Thursday,7,11,False
2025-01-30,Thursday,8,43,False
2025-01-30,Thursday,9,25,False
2025-01-30,Thursday,10,29,False
2025-01-30,Thursday,11,24,False
2025-01-30,Thursday,12,21,False
2025-01-30,Thursday,13,13,False
2025-01-30,Thursday,14,4,False
2025-01-30,Thursday,15,14,False
2025-01-30,Thursday,16,20,False
2025-01-30,Thursday,17,30,False
2025-01-30,Thursday,18,17,False
2025-01-30,Thursday,19,23,False
2025-01-30,Thursday,20,11,False
2025-01-30,Thursday,21,26,False
2025-01-30,Thursday,22,8,False
2025-01-30,Thursday,23,32,False
2025-01-30,Thursday,24,17,False
2025-01-30,Thursday,25,4,False
2025-01-30,Thursday,26,15,False
2025-01-30,Thursday,27,27,False
2025-01-30,Thursday,28,36,False
2025-01-30,Thursday,29,21,False
2025-01-30,Thursday,30,21,False
2025-01-30,Thursday,31,12,False
2025-01-30,Thursday,32,13,False
2025-01-30,Thursday,33,41,False
2025-01-30,Thursday,34,15,False
2025-01-30,Thursday,35,43,False
2025-01-30,Thursday,36,36,False
2025-01-30,Thursday,37,5,False
2025-01-30,Thursday,38,33,False
2025-01-30,Thursday,39,26,False
2025-01-30,Thursday,40,23,False
2025-01-30,Thursday,41,23,False
2025-01-30,Thursday,42,9,False
2025-01-30,Thursday,43,33,False
2025-01-30,Thursday,44,29,False
2025-01-30,Thursday,45,8,False
2025-01-30,Thursday,46,6,False
2025-01-30,Thursday,47,12,False
2025-01-30,Thursday,48,38,False
2025-01-30,Thursday,49,13,False
2025-01-30,Thursday,50,14,False
2025-01-31,Friday,1,15,False
2025-01-31,Friday,2,36,False
2025-01-31,Friday,3,27,False
2025-01-31,Friday,4,16,False
2025-01-31,Friday,5,21,False
2025-01-31,Friday,6,19,False
2025-01-31,Friday,7,12,False
2025-01-31,Friday,8,27,False
2025-01-31,Friday,9,26,False
2025-01-31,Friday,10,24,False
2025-01-31,Friday,11,30,False
2025-01-31,Friday,12,18,False
2025-01-31,Friday,13,19,False
2025-01-31,Friday,14,4,False
2025-01-31,Friday,15,17,False
2025-01-31,Friday,16,20,False
2025-01-31,Friday,17,25,False
2025-01-31,Friday,18,20,False
2025-01-31,Friday,19,36,False
2025-01-31,Friday,20,10,False
2025-01-31,Friday,21,27,False
2025-01-31,Friday,22,5,False
2025-01-31,Friday,23,18,False
2025-01-31,Friday,24,27,False
2025-01-31,Friday,25,7,False
2025-01-31,Friday,26,20,False
2025-01-31,Friday,27,23,False
2025-01-31,Friday,28,29,False
2025-01-31,Friday,29,28,False
2025-01-31,Friday,30,16,False
2025-01-31,Friday,31,10,False
2025-01-31,Friday,32,9,False
2025-01-31,Friday,33,49,False
2025-01-31,Friday,34,12,False
2025-01-31,Friday,35,34,False
2025-01-31,Friday,36,29,False
2025-01-31,Friday,37,4,False
2025-01-31,Friday,38,33,False
2025-01-31,Friday,39,25,False
2025-01-31,Friday,40,28,False
2025-01-31,Friday,41,22,False
2025-01-31,Friday,42,9,False
2025-01-31,Friday,43,33,False
2025-01-31,Friday,44,21,False
2025-01-31,Friday,45,9,False
2025-01-31,Friday,46,5,False
2025-01-31,Friday,47,11,False
2025-01-31,Friday,48,40,False
2025-01-31,Friday,49,14,False
2025-01-31,Friday,50,13,False
2025-02-01,Saturday,1,37,True
2025-02-01,Saturday,2,65,True
2025-02-01,Saturday,3,88,True
2025-02-01,Saturday,4,28,True
2025-02-01,Saturday,5,34,True
2025-02-01,Saturday,6,47,True
2025-02-01,Saturday,7,21,True
2025-02-01,Saturday,8,56,True
2025-02-01,Saturday,9,43,True
2025-02-01,Saturday,10,59,True
2025-02-01,Saturday,11,44,True
2025-02-01,Saturday,12,31,True
2025-02-01,Saturday,13,24,True
2025-02-01,Saturday,14,6,True
2025-02-01,Saturday,15,32,True
2025-02-01,Saturday,16,56,True
2025-02-01,Saturday,17,44,True
2025-02-01,Saturday,18,28,True
2025-02-01,Saturday,19,49,True
2025-02-01,Saturday,20,14,True
2025-02-01,Saturday,21,51,True
2025-02-01,Saturday,22,12,True
2025-02-01,Saturday,23,38,True
2025-02-01,Saturday,24,28,True
2025-02-01,Saturday,25,16,True
2025-02-01,Saturday,26,37,True
2025-02-01,Saturday,27,39,True
2025-02-01,Saturday,28,66,True
2025-02-01,Saturday,29,35,True
2025-02-01,Saturday,30,35,True
2025-02-01,Saturday,31,26,True
2025-02-01,Saturday,32,21,True
2025-02-01,Saturday,33,59,True
2025-02-01,Saturday,34,21,True
2025-02-01,Saturday,35,57,True
2025-02-01,Saturday,36,100,True
2025-02-01,Saturday,37,8,True
2025-02-01,Saturday,38,55,True
2025-02-01,Saturday,39,96,True
2025-02-01,Saturday,40,66,True
2025-02-01,Saturday,41,51,True
2025-02-01,Saturday,42,21,True
2025-02-01,Saturday,43,63,True
2025-02-01,Saturday,44,42,True
2025-02-01,Saturday,45,8,True
2025-02-01,Saturday,46,10,True
2025-02-01,Saturday,47,20,True
2025-02-01,Saturday,48,51,True
2025-02-01,Saturday,49,27,True
2025-02-01,Saturday,50,27,True
2025-02-02,Sunday,1,30,True
2025-02-02,Sunday,2,88,True
2025-02-02,Sunday,3,59,True
2025-02-02,Sunday,4,25,True
2025-02-02,Sunday,5,32,True
2025-02-02,Sunday,6,39,True
2025-02-02,Sunday,7,13,True
2025-02-02,Sunday,8,58,True
2025-02-02,Sunday,9,32,True
2025-02-02,Sunday,10,59,True
2025-02-02,Sunday,11,63,True
2025-02-02,Sunday,12,39,True
2025-02-02,Sunday,13,26,True
2025-02-02,Sunday,14,4,True
2025-02-02,Sunday,15,24,True
2025-02-02,Sunday,16,70,True
2025-02-02,Sunday,17,65,True
2025-02-02,Sunday,18,22,True
2025-02-02,Sunday,19,73,True
2025-02-02,Sunday,20,12,True
2025-02-02,Sunday,21,79,True
2025-02-02,Sunday,22,10,True
2025-02-02,Sunday,23,28,True
2025-02-02,Sunday,24,45,True
2025-02-02,Sunday,25,14,True
2025-02-02,Sunday,26,40,True
2025-02-02,Sunday,27,57,True
2025-02-02,Sunday,28,75,True
2025-02-02,Sunday,29,23,True
2025-02-02,Sunday,30,26,True
2025-02-02,Sunday,31,29,True
2025-02-02,Sunday,32,21,True
2025-02-02,Sunday,33,68,True
2025-02-02,Sunday,34,28,True
2025-02-02,Sunday,35,54,True
2025-02-02,Sunday,36,57,True
2025-02-02,Sunday,37,8,True
2025-02-02,Sunday,38,73,True
2025-02-02,Sunday,39,71,True
2025-02-02,Sunday,40,66,True
2025-02-02,Sunday,41,32,True
2025-02-02,Sunday,42,27,True
2025-02-02,Sunday,43,46,True
2025-02-02,Sunday,44,36,True
2025-02-02,Sunday,45,14,True
2025-02-02,Sunday,46,12,True
2025-02-02,Sunday,47,13,True
2025-02-02,Sunday,48,37,True
2025-02-02,Sunday,49,22,True
2025-02-02,Sunday,50,27,True
2025-02-03,Monday,1,12,False
2025-02-03,Monday,2,34,False
2025-02-03,Monday,3,40,False
2025-02-03,Monday,4,14,False
2025-02-03,Monday,5,19,False
2025-02-03,Monday,6,24,False
2025-02-03,Monday,7,15,False
2025-02-03,Monday,8,23,False
2025-02-03,Monday,9,23,False
2025-02-03,Monday,10,21,False
2025-02-03,Monday,11,35,False
2025-02-03,Monday,12,17,False
2025-02-03,Monday,13,13,False
2025-02-03,Monday,14,5,False
2025-02-03,Monday,15,12,False
2025-02-03,Monday,16,25,False
2025-02-03,Monday,17,29,False
2025-02-03,Monday,18,20,False
2025-02-03,Monday,19,33,False
2025-02-03,Monday,20,12,False
2025-02-03,Monday,21,24,False
2025-02-03,Monday,22,8,False
2025-02-03,Monday,23,28,False
2025-02-03,Monday,24,25,False
2025-02-03,Monday,25,5,False
2025-02-03,Monday,26,20,False
2025-02-03,Monday,27,35,False
2025-02-03,Monday,28,41,False
2025-02-03,Monday,29,24,False
2025-02-03,Monday,30,13,False
2025-02-03,Monday,31,17,False
2025-02-03,Monday,32,8,False
2025-02-03,Monday,33,32,False
2025-02-03,Monday,34,12,False
2025-02-03,Monday,35,28,False
2025-02-03,Monday,36,26,False
2025-02-03,Monday,37,5,False
2025-02-03,Monday,38,31,False
2025-02-03,Monday,39,33,False
2025-02-03,Monday,40,23,False
2025-02-03,Monday,41,25,False
2025-02-03,Monday,42,11,False
2025-02-03,Monday,43,38,False
2025-02-03,Monday,44,18,False
2025-02-03,Monday,45,6,False
2025-02-03,Monday,46,4,False
2025-02-03,Monday,47,9,False
2025-02-03,Monday,48,38,False
2025-02-03,Monday,49,17,False
2025-02-03,Monday,50,11,False
2025-02-04,Tuesday,1,14,False
2025-02-04,Tuesday,2,32,False
2025-02-04,Tuesday,3,32,False
2025-02-04,Tuesday,4,15,False
2025-02-04,Tuesday,5,20,False
2025-02-04,Tuesday,6,21,False
2025-02-04,Tuesday,7,15,False
2025-02-04,Tuesday,8,24,False
2025-02-04,Tuesday,9,15,False
2025-02-04,Tuesday,10,24,False
2025-02-04,Tuesday,11,37,False
2025-02-04,Tuesday,12,22,False
2025-02-04,Tuesday,13,15,False
2025-02-04,Tuesday,14,4,False
2025-02-04,Tuesday,15,16,False
2025-02-04,Tuesday,16,17,False
2025-02-04,Tuesday,17,22,False
2025-02-04,Tuesday,18,14,False
2025-02-04,Tuesday,19,28,False
2025-02-04,Tuesday,20,13,False
2025-02-04,Tuesday,21,25,False
2025-02-04,Tuesday,22,9,False
2025-02-04,Tuesday,23,33,False
2025-02-04,Tuesday,24,23,False
2025-02-04,Tuesday,25,6,False
2025-02-04,Tuesday,26,23,False
2025-02-04,Tuesday,27,26,False
2025-02-04,Tuesday,28,41,False
2025-02-04,Tuesday,29,16,False
2025-02-04,Tuesday,30,19,False
2025-02-04,Tuesday,31,14,False
2025-02-04,Tuesday,32,11,False
2025-02-04,Tuesday,33,47,False
2025-02-04,Tuesday,34,9,False
2025-02-04,Tuesday,35,41,False
2025-02-04,Tuesday,36,42,False
2025-02-04,Tuesday,37,4,False
2025-02-04,Tuesday,38,28,False
2025-02-04,Tuesday,39,43,False
2025-02-04,Tuesday,40,25,False
2025-02-04,Tuesday,41,20,False
2025-02-04,Tuesday,42,10,False
2025-02-04,Tuesday,43,37,False
2025-02-04,Tuesday,44,21,False
2025-02-04,Tuesday,45,7,False
2025-02-04,Tuesday,46,4,False
2025-02-04,Tuesday,47,12,False
2025-02-04,Tuesday,48,35,False
2025-02-04,Tuesday,49,21,False
2025-02-04,Tuesday,50,11,False
2025-02-05,Wednesday,1,20,False
2025-02-05,Wednesday,2,38,False
2025-02-05,Wednesday,3,24,False
2025-02-05,Wednesday,4,14,False
2025-02-05,Wednesday,5,17,False
2025-02-05,Wednesday,6,28,False
2025-02-05,Wednesday,7,13,False
2025-02-05,Wednesday,8,32,False
2025-02-05,Wednesday,9,17,False
2025-02-05,Wednesday,10,32,False
2025-02-05,Wednesday,11,22,False
2025-02-05,Wednesday,12,21,False
2025-02-05,Wednesday,13,19,False
2025-02-05,Wednesday,14,6,False
2025-02-05,Wednesday,15,15,False
2025-02-05,Wednesday,16,26,False
2025-02-05,Wednesday,17,28,False
2025-02-05,Wednesday,18,20,False
2025-02-05,Wednesday,19,30,False
2025-02-05,Wednesday,20,13,False
2025-02-05,Wednesday,21,38,False
2025-02-05,Wednesday,22,8,False
2025-02-05,Wednesday,23,19,False
2025-02-05,Wednesday,24,22,False
2025-02-05,Wednesday,25,7,False
2025-02-05,Wednesday,26,14,False
2025-02-05,Wednesday,27,31,False
2025-02-05,Wednesday,28,34,False
2025-02-05,Wednesday,29,16,False
2025-02-05,Wednesday,30,16,False
2025-02-05,Wednesday,31,12,False
2025-02-05,Wednesday,32,11,False
2025-02-05,Wednesday,33,27,False
2025-02-05,Wednesday,34,9,False
2025-02-05,Wednesday,35,29,False
2025-02-05,Wednesday,36,34,False
2025-02-05,Wednesday,37,4,False
2025-02-05,Wednesday,38,34,False
2025-02-05,Wednesday,39,41,False
2025-02-05,Wednesday,40,21,False
2025-02-05,Wednesday,41,25,False
2025-02-05,Wednesday,42,10,False
2025-02-05,Wednesday,43,31,False
2025-02-05,Wednesday,44,26,False
2025-02-05,Wednesday,45,7,False
2025-02-05,Wednesday,46,4,False
2025-02-05,Wednesday,47,10,False
2025-02-05,Wednesday,48,24,False
2025-02-05,Wednesday,49,13,False
2025-02-05,Wednesday,50,9,False
2025-02-06,Thursday,1,15,False
2025-02-06,Thursday,2,31,False
2025-02-06,Thursday,3,35,False
2025-02-06,Thursday,4,13,False
2025-02-06,Thursday,5,17,False
2025-02-06,Thursday,6,22,False
2025-02-06,Thursday,7,11,False
2025-02-06,Thursday,8,34,False
2025-02-06,Thursday,9,25,False
2025-02-06,Thursday,10,21,False
2025-02-06,Thursday,11,24,False
2025-02-06,Thursday,12,22,False
2025-02-06,Thursday,13,16,False
2025-02-06,Thursday,14,4,False
2025-02-06,Thursday,15,12,False
2025-02-06,Thursday,16,22,False
2025-02-06,Thursday,17,31,False
2025-02-06,Thursday,18,15,False
2025-02-06,Thursday,19,31,False
2025-02-06,Thursday,20,14,False
2025-02-06,Thursday,21,21,False
2025-02-06,Thursday,22,8,False
2025-02-06,Thursday,23,34,False
2025-02-06,Thursday,24,26,False
2025-02-06,Thursday,25,5,False
2025-02-06,Thursday,26,22,False
2025-02-06,Thursday,27,24,False
2025-02-06,Thursday,28,40,False
2025-02-06,Thursday,29,18,False
2025-02-06,Thursday,30,12,False
2025-02-06,Thursday,31,12,False
2025-02-06,Thursday,32,9,False
2025-02-06,Thursday,33,37,False
2025-02-06,Thursday,34,14,False
2025-02-06,Thursday,35,32,False
2025-02-06,Thursday,36,28,False
2025-02-06,Thursday,37,4,False
2025-02-06,Thursday,38,36,False
2025-02-06,Thursday,39,41,False
2025-02-06,Thursday,40,23,False
2025-02-06,Thursday,41,20,False
2025-02-06,Thursday,42,15,False
2025-02-06,Thursday,43,34,False
2025-02-06,Thursday,44,27,False
2025-02-06,Thursday,45,9,False
2025-02-06,Thursday,46,5,False
2025-02-06,Thursday,47,10,False
2025-02-06,Thursday,48,29,False
2025-02-06,Thursday,49,19,False
2025-02-06,Thursday,50,11,False
2025-02-07,Friday,1,18,False
2025-02-07,Friday,2,29,False
2025-02-07,Friday,3,33,False
2025-02-07,Friday,4,19,False
2025-02-07,Friday,5,14,False
2025-02-07,Friday,6,24,False
2025-02-07,Friday,7,13,False
2025-02-07,Friday,8,40,False
2025-02-07,Friday,9,19,False
2025-02-07,Friday,10,33,False
2025-02-07,Friday,11,30,False
2025-02-07,Friday,12,19,False
2025-02-07,Friday,13,11,False
2025-02-07,Friday,14,4,False
2025-02-07,Friday,15,13,False
2025-02-07,Friday,16,24,False
2025-02-07,Friday,17,29,False
2025-02-07,Friday,18,21,False
2025-02-07,Friday,19,32,False
2025-02-07,Friday,20,16,False
2025-02-07,Friday,21,26,False
2025-02-07,Friday,22,6,False
2025-02-07,Friday,23,20,False
2025-02-07,Friday,24,19,False
2025-02-07,Friday,25,4,False
2025-02-07,Friday,26,20,False
2025-02-07,Friday,27,19,False
2025-02-07,Friday,28,30,False
2025-02-07,Friday,29,18,False
2025-02-07,Friday,30,16,False
2025-02-07,Friday,31,12,False
2025-02-07,Friday,32,10,False
2025-02-07,Friday,33,40,False
2025-02-07,Friday,34,9,False
2025-02-07,Friday,35,26,False
2025-02-07,Friday,36,39,False
2025-02-07,Friday,37,6,False
2025-02-07,Friday,38,30,False
2025-02-07,Friday,39,39,False
2025-02-07,Friday,40,27,False
2025-02-07,Friday,41,22,False
2025-02-07,Friday,42,8,False
2025-02-07,Friday,43,24,False
2025-02-07,Friday,44,17,False
2025-02-07,Friday,45,6,False
2025-02-07,Friday,46,4,False
2025-02-07,Friday,47,9,False
2025-02-07,Friday,48,32,False
2025-02-07,Friday,49,13,False
2025-02-07,Friday,50,14,False
2025-02-08,Saturday,1,40,True
2025-02-08,Saturday,2,63,True
2025-02-08,Saturday,3,61,True
2025-02-08,Saturday,4,22,True
2025-02-08,Saturday,5,29,True
2025-02-08,Saturday,6,47,True
2025-02-08,Saturday,7,20,True
2025-02-08,Saturday,8,42,True
2025-02-08,Saturday,9,27,True
2025-02-08,Saturday,10,56,True
2025-02-08,Saturday,11,63,True
2025-02-08,Saturday,12,51,True
2025-02-08,Saturday,13,34,True
2025-02-08,Saturday,14,6,True
2025-02-08,Saturday,15,35,True
2025-02-08,Saturday,16,43,True
2025-02-08,Saturday,17,48,True
2025-02-08,Saturday,18,20,True
2025-02-08,Saturday,19,71,True
2025-02-08,Saturday,20,21,True
2025-02-08,Saturday,21,86,True
2025-02-08,Saturday,22,7,True
2025-02-08,Saturday,23,24,True
2025-02-08,Saturday,24,40,True
2025-02-08,Saturday,25,9,True
2025-02-08,Saturday,26,37,True
2025-02-08,Saturday,27,49,True
2025-02-08,Saturday,28,80,True
2025-02-08,Saturday,29,35,True
2025-02-08,Saturday,30,37,True
2025-02-08,Saturday,31,18,True
2025-02-08,Saturday,32,16,True
2025-02-08,Saturday,33,64,True
2025-02-08,Saturday,34,26,True
2025-02-08,Saturday,35,67,True
2025-02-08,Saturday,36,89,True
2025-02-08,Saturday,37,5,True
2025-02-08,Saturday,38,40,True
2025-02-08,Saturday,39,57,True
2025-02-08,Saturday,40,38,True
2025-02-08,Saturday,41,49,True
2025-02-08,Saturday,42,20,True
2025-02-08,Saturday,43,56,True
2025-02-08,Saturday,44,36,True
2025-02-08,Saturday,45,8,True
2025-02-08,Saturday,46,6,True
2025-02-08,Saturday,47,18,True
2025-02-08,Saturday,48,59,True
2025-02-08,Saturday,49,26,True
2025-02-08,Saturday,50,31,True
2025-02-09,Sunday,1,42,True
2025-02-09,Sunday,2,56,True
2025-02-09,Sunday,3,81,True
2025-02-09,Sunday,4,20,True
2025-02-09,Sunday,5,30,True
2025-02-09,Sunday,6,36,True
2025-02-09,Sunday,7,14,True
2025-02-09,Sunday,8,48,True
2025-02-09,Sunday,9,43,True
2025-02-09,Sunday,10,71,True
2025-02-09,Sunday,11,63,True
2025-02-09,Sunday,12,37,True
2025-02-09,Sunday,13,30,True
2025-02-09,Sunday,14,4,True
2025-02-09,Sunday,15,32,True
2025-02-09,Sunday,16,58,True
2025-02-09,Sunday,17,61,True
2025-02-09,Sunday,18,26,True
2025-02-09,Sunday,19,60,True
2025-02-09,Sunday,20,21,True
2025-02-09,Sunday,21,89,True
2025-02-09,Sunday,22,7,True
2025-02-09,Sunday,23,34,True
2025-02-09,Sunday,24,36,True
2025-02-09,Sunday,25,9,True
2025-02-09,Sunday,26,48,True
2025-02-09,Sunday,27,45,True
2025-02-09,Sunday,28,62,True
2025-02-09,Sunday,29,37,True
2025-02-09,Sunday,30,24,True
2025-02-09,Sunday,31,15,True
2025-02-09,Sunday,32,18,True
2025-02-09,Sunday,33,73,True
2025-02-09,Sunday,34,26,True
2025-02-09,Sunday,35,65,True
2025-02-09,Sunday,36,82,True
2025-02-09,Sunday,37,8,True
2025-02-09,Sunday,38,50,True
2025-02-09,Sunday,39,59,True
2025-02-09,Sunday,40,38,True
2025-02-09,Sunday,41,41,True
2025-02-09,Sunday,42,20,True
2025-02-09,Sunday,43,46,True
2025-02-09,Sunday,44,38,True
2025-02-09,Sunday,45,16,True
2025-02-09,Sunday,46,10,True
2025-02-09,Sunday,47,22,True
2025-02-09,Sunday,48,68,True
2025-02-09,Sunday,49,26,True
2025-02-09,Sunday,50,29,True
2025-02-10,Monday,1,16,False
2025-02-10,Monday,2,24,False
2025-02-10,Monday,3,36,False
2025-02-10,Monday,4,15,False
2025-02-10,Monday,5,17,False
2025-02-10,Monday,6,25,False
2025-02-10,Monday,7,12,False
2025-02-10,Monday,8,24,False
2025-02-10,Monday,9,26,False
2025-02-10,Monday,10,20,False
2025-02-10,Monday,11,30,False
2025-02-10,Monday,12,24,False
2025-02-10,Monday,13,17,False
2025-02-10,Monday,14,3,False
2025-02-10,Monday,15,11,False
2025-02-10,Monday,16,27,False
2025-02-10,Monday,17,29,False
2025-02-10,Monday,18,15,False
2025-02-10,Monday,19,32,False
2025-02-10,Monday,20,12,False
2025-02-10,Monday,21,36,False
2025-02-10,Monday,22,7,False
2025-02-10,Monday,23,24,False
2025-02-10,Monday,24,22,False
2025-02-10,Monday,25,5,False
2025-02-10,Monday,26,22,False
2025-02-10,Monday,27,22,False
2025-02-10,Monday,28,33,False
2025-02-10,Monday,29,25,False
2025-02-10,Monday,30,21,False
2025-02-10,Monday,31,18,False
2025-02-10,Monday,32,10,False
2025-02-10,Monday,33,35,False
2025-02-10,Monday,34,12,False
2025-02-10,Monday,35,33,False
2025-02-10,Monday,36,38,False
2025-02-10,Monday,37,3,False
2025-02-10,Monday,38,23,False
2025-02-10,Monday,39,34,False
2025-02-10,Monday,40,30,False
2025-02-10,Monday,41,25,False
2025-02-10,Monday,42,12,False
2025-02-10,Monday,43,28,False
2025-02-10,Monday,44,17,False
2025-02-10,Monday,45,10,False
2025-02-10,Monday,46,4,False
2025-02-10,Monday,47,12,False
2025-02-10,Monday,48,34,False
2025-02-10,Monday,49,12,False
2025-02-10,Monday,50,10,False
2025-02-11,Tuesday,1,19,False
2025-02-11,Tuesday,2,38,False
2025-02-11,Tuesday,3,40,False
2025-02-11,Tuesday,4,20,False
2025-02-11,Tuesday,5,16,False
2025-02-11,Tuesday,6,24,False
2025-02-11,Tuesday,7,11,False
2025-02-11,Tuesday,8,34,False
2025-02-11,Tuesday,9,20,False
2025-02-11,Tuesday,10,32,False
2025-02-11,Tuesday,11,24,False
2025-02-11,Tuesday,12,16,False
2025-02-11,Tuesday,13,19,False
2025-02-11,Tuesday,14,5,False
2025-02-11,Tuesday,15,19,False
2025-02-11,Tuesday,16,18,False
2025-02-11,Tuesday,17,29,False
2025-02-11,Tuesday,18,17,False
2025-02-11,Tuesday,19,30,False
2025-02-11,Tuesday,20,10,False
2025-02-11,Tuesday,21,25,False
2025-02-11,Tuesday,22,8,False
2025-02-11,Tuesday,23,33,False
2025-02-11,Tuesday,24,18,False
2025-02-11,Tuesday,25,7,False
2025-02-11,Tuesday,26,15,False
2025-02-11,Tuesday,27,32,False
2025-02-11,Tuesday,28,23,False
2025-02-11,Tuesday,29,25,False
2025-02-11,Tuesday,30,21,False
2025-02-11,Tuesday,31,14,False
2025-02-11,Tuesday,32,12,False
2025-02-11,Tuesday,33,31,False
2025-02-11,Tuesday,34,9,False
2025-02-11,Tuesday,35,26,False
2025-02-11,Tuesday,36,26,False
2025-02-11,Tuesday,37,6,False
2025-02-11,Tuesday,38,27,False
2025-02-11,Tuesday,39,39,False
2025-02-11,Tuesday,40,33,False
2025-02-11,Tuesday,41,16,False
2025-02-11,Tuesday,42,10,False
2025-02-11,Tuesday,43,32,False
2025-02-11,Tuesday,44,24,False
2025-02-11,Tuesday,45,5,False
2025-02-11,Tuesday,46,6,False
2025-02-11,Tuesday,47,12,False
2025-02-11,Tuesday,48,30,False
2025-02-11,Tuesday,49,19,False
2025-02-11,Tuesday,50,13,False
2025-02-12,Wednesday,1,14,False
2025-02-12,Wednesday,2,28,False
2025-02-12,Wednesday,3,25,False
2025-02-12,Wednesday,4,13,False
2025-02-12,Wednesday,5,18,False
2025-02-12,Wednesday,6,22,False
2025-02-12,Wednesday,7,16,False
2025-02-12,Wednesday,8,33,False
2025-02-12,Wednesday,9,19,False
2025-02-12,Wednesday,10,22,False
2025-02-12,Wednesday,11,30,False
2025-02-12,Wednesday,12,23,False
2025-02-12,Wednesday,13,11,False
2025-02-12,Wednesday,14,4,False
2025-02-12,Wednesday,15,16,False
2025-02-12,Wednesday,16,29,False
2025-02-12,Wednesday,17,26,False
2025-02-12,Wednesday,18,20,False
2025-02-12,Wednesday,19,34,False
2025-02-12,Wednesday,20,14,False
2025-02-12,Wednesday,21,26,False
2025-02-12,Wednesday,22,8,False
2025-02-12,Wednesday,23,22,False
2025-02-12,Wednesday,24,19,False
2025-02-12,Wednesday,25,6,False
2025-02-12,Wednesday,26,22,False
2025-02-12,Wednesday,27,30,False
2025-02-12,Wednesday,28,38,False
2025-02-12,Wednesday,29,25,False
2025-02-12,Wednesday,30,20,False
2025-02-12,Wednesday,31,19,False
2025-02-12,Wednesday,32,15,False
2025-02-12,Wednesday,33,40,False
2025-02-12,Wednesday,34,14,False
2025-02-12,Wednesday,35,35,False
2025-02-12,Wednesday,36,38,False
2025-02-12,Wednesday,37,4,False
2025-02-12,Wednesday,38,33,False
2025-02-12,Wednesday,39,38,False
2025-02-12,Wednesday,40,32,False
2025-02-12,Wednesday,41,20,False
2025-02-12,Wednesday,42,8,False
2025-02-12,Wednesday,43,39,False
2025-02-12,Wednesday,44,26,False
2025-02-12,Wednesday,45,7,False
2025-02-12,Wednesday,46,4,False
2025-02-12,Wednesday,47,9,False
2025-02-12,Wednesday,48,38,False
2025-02-12,Wednesday,49,16,False
2025-02-12,Wednesday,50,14,False
2025-02-13,Thursday,1,20,False
2025-02-13,Thursday,2,38,False
2025-02-13,Thursday,3,27,False
2025-02-13,Thursday,4,14,False
2025-02-13,Thursday,5,13,False
2025-02-13,Thursday,6,29,False
2025-02-13,Thursday,7,11,False
2025-02-13,Thursday,8,28,False
2025-02-13,Thursday,9,17,False
2025-02-13,Thursday,10,27,False
2025-02-13,Thursday,11,22,False
2025-02-13,Thursday,12,25,False
2025-02-13,Thursday,13,15,False
2025-02-13,Thursday,14,4,False
2025-02-13,Thursday,15,15,False
2025-02-13,Thursday,16,23,False
2025-02-13,Thursday,17,20,False
2025-02-13,Thursday,18,22,False
2025-02-13,Thursday,19,30,False
2025-02-13,Thursday,20,15,False
2025-02-13,Thursday,21,36,False
2025-02-13,Thursday,22,7,False
2025-02-13,Thursday,23,31,False
2025-02-13,Thursday,24,21,False
2025-02-13,Thursday,25,7,False
2025-02-13,Thursday,26,21,False
2025-02-13,Thursday,27,19,False
2025-02-13,Thursday,28,34,False
2025-02-13,Thursday,29,24,False
2025-02-13,Thursday,30,21,False
2025-02-13,Thursday,31,15,False
2025-02-13,Thursday,32,9,False
2025-02-13,Thursday,33,49,False
2025-02-13,Thursday,34,10,False
2025-02-13,Thursday,35,44,False
2025-02-13,Thursday,36,39,False
2025-02-13,Thursday,37,5,False
2025-02-13,Thursday,38,24,False
2025-02-13,Thursday,39,44,False
2025-02-13,Thursday,40,22,False
2025-02-13,Thursday,41,21,False
2025-02-13,Thursday,42,15,False
2025-02-13,Thursday,43,24,False
2025-02-13,Thursday,44,27,False
2025-02-13,Thursday,45,7,False
2025-02-13,Thursday,46,5,False
2025-02-13,Thursday,47,8,False
2025-02-13,Thursday,48,41,False
2025-02-13,Thursday,49,14,False
2025-02-13,Thursday,50,13,False
2025-02-14,Friday,1,21,False
2025-02-14,Friday,2,33,False
2025-02-14,Friday,3,38,False
2025-02-14,Friday,4,18,False
2025-02-14,Friday,5,16,False
2025-02-14,Friday,6,19,False
2025-02-14,Friday,7,11,False
2025-02-14,Friday,8,31,False
2025-02-14,Friday,9,25,False
2025-02-14,Friday,10,31,False
2025-02-14,Friday,11,24,False
2025-02-14,Friday,12,24,False
2025-02-14,Friday,13,17,False
2025-02-14,Friday,14,3,False
2025-02-14,Friday,15,13,False
2025-02-14,Friday,16,30,False
2025-02-14,Friday,17,17,False
2025-02-14,Friday,18,18,False
2025-02-14,Friday,19,22,False
2025-02-14,Friday,20,10,False
2025-02-14,Friday,21,29,False
2025-02-14,Friday,22,9,False
2025-02-14,Friday,23,29,False
2025-02-14,Friday,24,18,False
2025-02-14,Friday,25,6,False
2025-02-14,Friday,26,16,False
2025-02-14,Friday,27,28,False
2025-02-14,Friday,28,40,False
2025-02-14,Friday,29,24,False
2025-02-14,Friday,30,16,False
2025-02-14,Friday,31,16,False
2025-02-14,Friday,32,15,False
2025-02-14,Friday,33,32,False
2025-02-14,Friday,34,16,False
2025-02-14,Friday,35,44,False
2025-02-14,Friday,36,41,False
2025-02-14,Friday,37,5,False
2025-02-14,Friday,38,28,False
2025-02-14,Friday,39,42,False
2025-02-14,Friday,40,22,False
2025-02-14,Friday,41,19,False
2025-02-14,Friday,42,10,False
2025-02-14,Friday,43,28,False
2025-02-14,Friday,44,29,False
2025-02-14,Friday,45,8,False
2025-02-14,Friday,46,5,False
2025-02-14,Friday,47,7,False
2025-02-14,Friday,48,34,False
2025-02-14,Friday,49,22,False
2025-02-14,Friday,50,11,False
2025-02-15,Saturday,1,30,True
2025-02-15,Saturday,2,56,True
2025-02-15,Saturday,3,63,True
2025-02-15,Saturday,4,22,True
2025-02-15,Saturday,5,34,True
2025-02-15,Saturday,6,41,True
2025-02-15,Saturday,7,14,True
2025-02-15,Saturday,8,45,True
2025-02-15,Saturday,9,31,True
2025-02-15,Saturday,10,71,True
2025-02-15,Saturday,11,59,True
2025-02-15,Saturday,12,47,True
2025-02-15,Saturday,13,32,True
2025-02-15,Saturday,14,7,True
2025-02-15,Saturday,15,35,True
2025-02-15,Saturday,16,56,True
2025-02-15,Saturday,17,56,True
2025-02-15,Saturday,18,17,True
2025-02-15,Saturday,19,82,True
2025-02-15,Saturday,20,19,True
2025-02-15,Saturday,21,58,True
2025-02-15,Saturday,22,9,True
2025-02-15,Saturday,23,34,True
2025-02-15,Saturday,24,42,True
2025-02-15,Saturday,25,12,True
2025-02-15,Saturday,26,40,True
2025-02-15,Saturday,27,47,True
2025-02-15,Saturday,28,89,True
2025-02-15,Saturday,29,22,True
2025-02-15,Saturday,30,28,True
2025-02-15,Saturday,31,21,True
2025-02-15,Saturday,32,18,True
2025-02-15,Saturday,33,91,True
2025-02-15,Saturday,34,24,True
2025-02-15,Saturday,35,49,True
2025-02-15,Saturday,36,82,True
2025-02-15,Saturday,37,7,True
2025-02-15,Saturday,38,48,True
2025-02-15,Saturday,39,64,True
2025-02-15,Saturday,40,42,True
2025-02-15,Saturday,41,43,True
2025-02-15,Saturday,42,21,True
2025-02-15,Saturday,43,37,True
2025-02-15,Saturday,44,55,True
2025-02-15,Saturday,45,12,True
2025-02-15,Saturday,46,10,True
2025-02-15,Saturday,47,18,True
2025-02-15,Saturday,48,59,True
2025-02-15,Saturday,49,31,True
2025-02-15,Saturday,50,31,True
2025-02-16,Sunday,1,49,True
2025-02-16,Sunday,2,92,True
2025-02-16,Sunday,3,95,True
2025-02-16,Sunday,4,18,True
2025-02-16,Sunday,5,32,True
2025-02-16,Sunday,6,31,True
2025-02-16,Sunday,7,14,True
2025-02-16,Sunday,8,37,True
2025-02-16,Sunday,9,36,True
2025-02-16,Sunday,10,68,True
2025-02-16,Sunday,11,63,True
2025-02-16,Sunday,12,35,True
2025-02-16,Sunday,13,30,True
2025-02-16,Sunday,14,9,True
2025-02-16,Sunday,15,34,True
2025-02-16,Sunday,16,43,True
2025-02-16,Sunday,17,61,True
2025-02-16,Sunday,18,28,True
2025-02-16,Sunday,19,51,True
2025-02-16,Sunday,20,22,True
2025-02-16,Sunday,21,51,True
2025-02-16,Sunday,22,9,True
2025-02-16,Sunday,23,33,True
2025-02-16,Sunday,24,45,True
2025-02-16,Sunday,25,9,True
2025-02-16,Sunday,26,35,True
2025-02-16,Sunday,27,43,True
2025-02-16,Sunday,28,57,True
2025-02-16,Sunday,29,26,True
2025-02-16,Sunday,30,39,True
2025-02-16,Sunday,31,23,True
2025-02-16,Sunday,32,23,True
2025-02-16,Sunday,33,79,True
2025-02-16,Sunday,34,33,True
2025-02-16,Sunday,35,56,True
2025-02-16,Sunday,36,73,True
2025-02-16,Sunday,37,7,True
2025-02-16,Sunday,38,59,True
2025-02-16,Sunday,39,106,True
2025-02-16,Sunday,40,50,True
2025-02-16,Sunday,41,34,True
2025-02-16,Sunday,42,18,True
2025-02-16,Sunday,43,43,True
2025-02-16,Sunday,44,30,True
2025-02-16,Sunday,45,16,True
2025-02-16,Sunday,46,10,True
2025-02-16,Sunday,47,22,True
2025-02-16,Sunday,48,51,True
2025-02-16,Sunday,49,19,True
2025-02-16,Sunday,50,36,True
2025-02-17,Monday,1,19,False
2025-02-17,Monday,2,23,False
2025-02-17,Monday,3,35,False
2025-02-17,Monday,4,14,False
2025-02-17,Monday,5,13,False
2025-02-17,Monday,6,26,False
2025-02-17,Monday,7,13,False
2025-02-17,Monday,8,38,False
2025-02-17,Monday,9,27,False
2025-02-17,Monday,10,26,False
2025-02-17,Monday,11,32,False
2025-02-17,Monday,12,24,False
2025-02-17,Monday,13,14,False
2025-02-17,Monday,14,5,False
2025-02-17,Monday,15,14,False
2025-02-17,Monday,16,17,False
2025-02-17,Monday,17,31,False
2025-02-17,Monday,18,20,False
2025-02-17,Monday,19,36,False
2025-02-17,Monday,20,13,False
2025-02-17,Monday,21,25,False
2025-02-17,Monday,22,7,False
2025-02-17,Monday,23,20,False
2025-02-17,Monday,24,21,False
2025-02-17,Monday,25,7,False
2025-02-17,Monday,26,12,False
2025-02-17,Monday,27,24,False
2025-02-17,Monday,28,23,False
2025-02-17,Monday,29,20,False
2025-02-17,Monday,30,15,False
2025-02-17,Monday,31,18,False
2025-02-17,Monday,32,11,False
2025-02-17,Monday,33,50,False
2025-02-17,Monday,34,15,False
2025-02-17,Monday,35,25,False
2025-02-17,Monday,36,35,False
2025-02-17,Monday,37,3,False
2025-02-17,Monday,38,25,False
2025-02-17,Monday,39,38,False
2025-02-17,Monday,40,33,False
2025-02-17,Monday,41,26,False
2025-02-17,Monday,42,9,False
2025-02-17,Monday,43,38,False
2025-02-17,Monday,44,27,False
2025-02-17,Monday,45,8,False
2025-02-17,Monday,46,6,False
2025-02-17,Monday,47,10,False
2025-02-17,Monday,48,31,False
2025-02-17,Monday,49,17,False
2025-02-17,Monday,50,9,False
2025-02-18,Tuesday,1,15,False
2025-02-18,Tuesday,2,30,False
2025-02-18,Tuesday,3,40,False
2025-02-18,Tuesday,4,16,False
2025-02-18,Tuesday,5,13,False
2025-02-18,Tuesday,6,26,False
2025-02-18,Tuesday,7,11,False
2025-02-18,Tuesday,8,25,False
2025-02-18,Tuesday,9,17,False
2025-02-18,Tuesday,10,22,False
2025-02-18,Tuesday,11,37,False
2025-02-18,Tuesday,12,22,False
2025-02-18,Tuesday,13,11,False
2025-02-18,Tuesday,14,4,False
2025-02-18,Tuesday,15,17,False
2025-02-18,Tuesday,16,20,False
2025-02-18,Tuesday,17,29,False
2025-02-18,Tuesday,18,18,False
2025-02-18,Tuesday,19,28,False
2025-02-18,Tuesday,20,17,False
2025-02-18,Tuesday,21,28,False
2025-02-18,Tuesday,22,9,False
2025-02-18,Tuesday,23,30,False
2025-02-18,Tuesday,24,26,False
2025-02-18,Tuesday,25,5,False
2025-02-18,Tuesday,26,19,False
2025-02-18,Tuesday,27,28,False
2025-02-18,Tuesday,28,24,False
2025-02-18,Tuesday,29,20,False
2025-02-18,Tuesday,30,15,False
2025-02-18,Tuesday,31,13,False
2025-02-18,Tuesday,32,9,False
2025-02-18,Tuesday,33,29,False
2025-02-18,Tuesday,34,12,False
2025-02-18,Tuesday,35,25,False
2025-02-18,Tuesday,36,27,False
2025-02-18,Tuesday,37,5,False
2025-02-18,Tuesday,38,24,False
2025-02-18,Tuesday,39,25,False
2025-02-18,Tuesday,40,28,False
2025-02-18,Tuesday,41,16,False
2025-02-18,Tuesday,42,11,False
2025-02-18,Tuesday,43,39,False
2025-02-18,Tuesday,44,27,False
2025-02-18,Tuesday,45,5,False
2025-02-18,Tuesday,46,3,False
2025-02-18,Tuesday,47,7,False
2025-02-18,Tuesday,48,27,False
2025-02-18,Tuesday,49,14,False
2025-02-18,Tuesday,50,14,False
2025-02-19,Wednesday,1,18,False
2025-02-19,Wednesday,2,28,False
2025-02-19,Wednesday,3,39,False
2025-02-19,Wednesday,4,14,False
2025-02-19,Wednesday,5,16,False
2025-02-19,Wednesday,6,18,False
2025-02-19,Wednesday,7,18,False
2025-02-19,Wednesday,8,42,False
2025-02-19,Wednesday,9,16,False
2025-02-19,Wednesday,10,29,False
2025-02-19,Wednesday,11,32,False
2025-02-19,Wednesday,12,23,False
2025-02-19,Wednesday,13,17,False
2025-02-19,Wednesday,14,3,False
2025-02-19,Wednesday,15,13,False
2025-02-19,Wednesday,16,23,False
2025-02-19,Wednesday,17,21,False
2025-02-19,Wednesday,18,15,False
2025-02-19,Wednesday,19,38,False
2025-02-19,Wednesday,20,16,False
2025-02-19,Wednesday,21,27,False
2025-02-19,Wednesday,22,9,False
2025-02-19,Wednesday,23,34,False
2025-02-19,Wednesday,24,21,False
2025-02-19,Wednesday,25,4,False
2025-02-19,Wednesday,26,17,False
2025-02-19,Wednesday,27,25,False
2025-02-19,Wednesday,28,23,False
2025-02-19,Wednesday,29,26,False
2025-02-19,Wednesday,30,16,False
2025-02-19,Wednesday,31,13,False
2025-02-19,Wednesday,32,12,False
2025-02-19,Wednesday,33,42,False
2025-02-19,Wednesday,34,12,False
2025-02-19,Wednesday,35,44,False
2025-02-19,Wednesday,36,37,False
2025-02-19,Wednesday,37,5,False
2025-02-19,Wednesday,38,28,False
2025-02-19,Wednesday,39,32,False
2025-02-19,Wednesday,40,25,False
2025-02-19,Wednesday,41,25,False
2025-02-19,Wednesday,42,15,False
2025-02-19,Wednesday,43,39,False
2025-02-19,Wednesday,44,27,False
2025-02-19,Wednesday,45,10,False
2025-02-19,Wednesday,46,4,False
2025-02-19,Wednesday,47,7,False
2025-02-19,Wednesday,48,41,False
2025-02-19,Wednesday,49,19,False
2025-02-19,Wednesday,50,10,False
2025-02-20,Thursday,1,18,False
2025-02-20,Thursday,2,40,False
2025-02-20,Thursday,3,39,False
2025-02-20,Thursday,4,11,False
2025-02-20,Thursday,5,16,False
2025-02-20,Thursday,6,25,False
2025-02-20,Thursday,7,12,False
2025-02-20,Thursday,8,41,False
2025-02-20,Thursday,9,24,False
2025-02-20,Thursday,10,22,False
2025-02-20,Thursday,11,23,False
2025-02-20,Thursday,12,23,False
2025-02-20,Thursday,13,13,False
2025-02-20,Thursday,14,4,False
2025-02-20,Thursday,15,12,False
2025-02-20,Thursday,16,28,False
2025-02-20,Thursday,17,23,False
2025-02-20,Thursday,18,16,False
2025-02-20,Thursday,19,22,False
2025-02-20,Thursday,20,11,False
2025-02-20,Thursday,21,21,False
2025-02-20,Thursday,22,7,False
2025-02-20,Thursday,23,25,False
2025-02-20,Thursday,24,18,False
2025-02-20,Thursday,25,5,False
2025-02-20,Thursday,26,23,False
2025-02-20,Thursday,27,31,False
2025-02-20,Thursday,28,36,False
2025-02-20,Thursday,29,21,False
2025-02-20,Thursday,30,13,False
2025-02-20,Thursday,31,11,False
2025-02-20,Thursday,32,10,False
2025-02-20,Thursday,33,31,False
2025-02-20,Thursday,34,15,False
2025-02-20,Thursday,35,24,False
2025-02-20,Thursday,36,38,False
2025-02-20,Thursday,37,3,False
2025-02-20,Thursday,38,22,False
2025-02-20,Thursday,39,30,False
2025-02-20,Thursday,40,23,False
2025-02-20,Thursday,41,16,False
2025-02-20,Thursday,42,13,False
2025-02-20,Thursday,43,36,False
2025-02-20,Thursday,44,24,False
2025-02-20,Thursday,45,7,False
2025-02-20,Thursday,46,5,False
2025-02-20,Thursday,47,8,False
2025-02-20,Thursday,48,36,False
2025-02-20,Thursday,49,12,False
2025-02-20,Thursday,50,12,False
2025-02-21,Friday,1,20,False
2025-02-21,Friday,2,32,False
2025-02-21,Friday,3,32,False
2025-02-21,Friday,4,18,False
2025-02-21,Friday,5,14,False
2025-02-21,Friday,6,28,False
2025-02-21,Friday,7,14,False
2025-02-21,Friday,8,30,False
2025-02-21,Friday,9,18,False
2025-02-21,Friday,10,28,False
2025-02-21,Friday,11,28,False
2025-02-21,Friday,12,19,False
2025-02-21,Friday,13,15,False
2025-02-21,Friday,14,4,False
2025-02-21,Friday,15,16,False
2025-02-21,Friday,16,27,False
2025-02-21,Friday,17,22,False
2025-02-21,Friday,18,17,False
2025-02-21,Friday,19,34,False
2025-02-21,Friday,20,11,False
2025-02-21,Friday,21,26,False
2025-02-21,Friday,22,7,False
2025-02-21,Friday,23,26,False
2025-02-21,Friday,24,20,False
2025-02-21,Friday,25,6,False
2025-02-21,Friday,26,13,False
2025-02-21,Friday,27,34,False
2025-02-21,Friday,28,22,False
2025-02-21,Friday,29,21,False
2025-02-21,Friday,30,20,False
2025-02-21,Friday,31,18,False
2025-02-21,Friday,32,14,False
2025-02-21,Friday,33,28,False
2025-02-21,Friday,34,12,False
2025-02-21,Friday,35,40,False
2025-02-21,Friday,36,35,False
2025-02-21,Friday,37,5,False
2025-02-21,Friday,38,30,False
2025-02-21,Friday,39,38,False
2025-02-21,Friday,40,20,False
2025-02-21,Friday,41,25,False
2025-02-21,Friday,42,14,False
2025-02-21,Friday,43,30,False
2025-02-21,Friday,44,29,False
2025-02-21,Friday,45,6,False
2025-02-21,Friday,46,5,False
2025-02-21,Friday,47,7,False
2025-02-21,Friday,48,41,False
2025-02-21,Friday,49,21,False
2025-02-21,Friday,50,16,False
2025-02-22,Saturday,1,37,True
2025-02-22,Saturday,2,70,True
2025-02-22,Saturday,3,91,True
2025-02-22,Saturday,4,20,True
2025-02-22,Saturday,5,25,True
2025-02-22,Saturday,6,48,True
2025-02-22,Saturday,7,23,True
2025-02-22,Saturday,8,66,True
2025-02-22,Saturday,9,44,True
2025-02-22,Saturday,10,45,True
2025-02-22,Saturday,11,54,True
2025-02-22,Saturday,12,47,True
2025-02-22,Saturday,13,21,True
2025-02-22,Saturday,14,9,True
2025-02-22,Saturday,15,24,True
2025-02-22,Saturday,16,56,True
2025-02-22,Saturday,17,52,True
2025-02-22,Saturday,18,22,True
2025-02-22,Saturday,19,80,True
2025-02-22,Saturday,20,23,True
2025-02-22,Saturday,21,61,True
2025-02-22,Saturday,22,9,True
2025-02-22,Saturday,23,24,True
2025-02-22,Saturday,24,38,True
2025-02-22,Saturday,25,9,True
2025-02-22,Saturday,26,25,True
2025-02-22,Saturday,27,39,True
2025-02-22,Saturday,28,73,True
2025-02-22,Saturday,29,23,True
2025-02-22,Saturday,30,43,True
2025-02-22,Saturday,31,23,True
2025-02-22,Saturday,32,15,True
2025-02-22,Saturday,33,88,True
2025-02-22,Saturday,34,26,True
2025-02-22,Saturday,35,51,True
2025-02-22,Saturday,36,77,True
2025-02-22,Saturday,37,8,True
2025-02-22,Saturday,38,73,True
2025-02-22,Saturday,39,69,True
2025-02-22,Saturday,40,52,True
2025-02-22,Saturday,41,30,True
2025-02-22,Saturday,42,27,True
2025-02-22,Saturday,43,63,True
2025-02-22,Saturday,44,45,True
2025-02-22,Saturday,45,12,True
2025-02-22,Saturday,46,12,True
2025-02-22,Saturday,47,13,True
2025-02-22,Saturday,48,64,True
2025-02-22,Saturday,49,26,True
2025-02-22,Saturday,50,20,True
2025-02-23,Sunday,1,44,True
2025-02-23,Sunday,2,92,True
2025-02-23,Sunday,3,71,True
2025-02-23,Sunday,4,28,True
2025-02-23,Sunday,5,34,True
2025-02-23,Sunday,6,38,True
2025-02-23,Sunday,7,20,True
2025-02-23,Sunday,8,66,True
2025-02-23,Sunday,9,44,True
2025-02-23,Sunday,10,78,True
2025-02-23,Sunday,11,47,True
2025-02-23,Sunday,12,35,True
2025-02-23,Sunday,13,24,True
2025-02-23,Sunday,14,7,True
2025-02-23,Sunday,15,24,True
2025-02-23,Sunday,16,65,True
2025-02-23,Sunday,17,65,True
2025-02-23,Sunday,18,17,True
2025-02-23,Sunday,19,69,True
2025-02-23,Sunday,20,15,True
2025-02-23,Sunday,21,58,True
2025-02-23,Sunday,22,11,True
2025-02-23,Sunday,23,27,True
2025-02-23,Sunday,24,42,True
2025-02-23,Sunday,25,9,True
2025-02-23,Sunday,26,48,True
2025-02-23,Sunday,27,47,True
2025-02-23,Sunday,28,75,True
2025-02-23,Sunday,29,32,True
2025-02-23,Sunday,30,39,True
2025-02-23,Sunday,31,29,True
2025-02-23,Sunday,32,18,True
2025-02-23,Sunday,33,99,True
2025-02-23,Sunday,34,21,True
2025-02-23,Sunday,35,70,True
2025-02-23,Sunday,36,77,True
2025-02-23,Sunday,37,7,True
2025-02-23,Sunday,38,73,True
2025-02-23,Sunday,39,64,True
2025-02-23,Sunday,40,56,True
2025-02-23,Sunday,41,51,True
2025-02-23,Sunday,42,14,True
2025-02-23,Sunday,43,59,True
2025-02-23,Sunday,44,47,True
2025-02-23,Sunday,45,14,True
2025-02-23,Sunday,46,10,True
2025-02-23,Sunday,47,13,True
2025-02-23,Sunday,48,64,True
2025-02-23,Sunday,49,19,True
2025-02-23,Sunday,50,22,True
2025-02-24,Monday,1,12,False
2025-02-24,Monday,2,35,False
2025-02-24,Monday,3,38,False
2025-02-24,Monday,4,19,False
2025-02-24,Monday,5,20,False
2025-02-24,Monday,6,30,False
2025-02-24,Monday,7,13,False
2025-02-24,Monday,8,41,False
2025-02-24,Monday,9,25,False
2025-02-24,Monday,10,23,False
2025-02-24,Monday,11,27,False
2025-02-24,Monday,12,21,False
2025-02-24,Monday,13,16,False
2025-02-24,Monday,14,5,False
2025-02-24,Monday,15,16,False
2025-02-24,Monday,16,25,False
2025-02-24,Monday,17,21,False
2025-02-24,Monday,18,16,False
2025-02-24,Monday,19,26,False
2025-02-24,Monday,20,13,False
2025-02-24,Monday,21,30,False
2025-02-24,Monday,22,10,False
2025-02-24,Monday,23,24,False
2025-02-24,Monday,24,25,False
2025-02-24,Monday,25,5,False
2025-02-24,Monday,26,18,False
2025-02-24,Monday,27,20,False
2025-02-24,Monday,28,41,False
2025-02-24,Monday,29,24,False
2025-02-24,Monday,30,19,False
2025-02-24,Monday,31,19,False
2025-02-24,Monday,32,12,False
2025-02-24,Monday,33,49,False
2025-02-24,Monday,34,16,False
2025-02-24,Monday,35,36,False
2025-02-24,Monday,36,44,False
2025-02-24,Monday,37,5,False
2025-02-24,Monday,38,34,False
2025-02-24,Monday,39,31,False
2025-02-24,Monday,40,20,False
2025-02-24,Monday,41,24,False
2025-02-24,Monday,42,12,False
2025-02-24,Monday,43,42,False
2025-02-24,Monday,44,18,False
2025-02-24,Monday,45,8,False
2025-02-24,Monday,46,6,False
2025-02-24,Monday,47,7,False
2025-02-24,Monday,48,35,False
2025-02-24,Monday,49,18,False
2025-02-24,Monday,50,9,False
2025-02-25,Tuesday,1,12,False
2025-02-25,Tuesday,2,35,False
2025-02-25,Tuesday,3,41,False
2025-02-25,Tuesday,4,19,False
2025-02-25,Tuesday,5,17,False
2025-02-25,Tuesday,6,26,False
2025-02-25,Tuesday,7,18,False
2025-02-25,Tuesday,8,25,False
2025-02-25,Tuesday,9,20,False
2025-02-25,Tuesday,10,26,False
2025-02-25,Tuesday,11,35,False
2025-02-25,Tuesday,12,25,False
2025-02-25,Tuesday,13,19,False
2025-02-25,Tuesday,14,4,False
2025-02-25,Tuesday,15,10,False
2025-02-25,Tuesday,16,27,False
2025-02-25,Tuesday,17,21,False
2025-02-25,Tuesday,18,19,False
2025-02-25,Tuesday,19,27,False
2025-02-25,Tuesday,20,15,False
2025-02-25,Tuesday,21,35,False
2025-02-25,Tuesday,22,6,False
2025-02-25,Tuesday,23,21,False
2025-02-25,Tuesday,24,17,False
2025-02-25,Tuesday,25,4,False
2025-02-25,Tuesday,26,20,False
2025-02-25,Tuesday,27,23,False
2025-02-25,Tuesday,28,38,False
2025-02-25,Tuesday,29,22,False
2025-02-25,Tuesday,30,12,False
2025-02-25,Tuesday,31,15,False
2025-02-25,Tuesday,32,14,False
2025-02-25,Tuesday,33,46,False
2025-02-25,Tuesday,34,14,False
2025-02-25,Tuesday,35,25,False
2025-02-25,Tuesday,36,40,False
2025-02-25,Tuesday,37,3,False
2025-02-25,Tuesday,38,21,False
2025-02-25,Tuesday,39,38,False
2025-02-25,Tuesday,40,23,False
2025-02-25,Tuesday,41,18,False
2025-02-25,Tuesday,42,10,False
2025-02-25,Tuesday,43,31,False
2025-02-25,Tuesday,44,19,False
2025-02-25,Tuesday,45,6,False
2025-02-25,Tuesday,46,6,False
2025-02-25,Tuesday,47,10,False
2025-02-25,Tuesday,48,22,False
2025-02-25,Tuesday,49,14,False
2025-02-25,Tuesday,50,9,False
2025-02-26,Wednesday,1,18,False
2025-02-26,Wednesday,2,26,False
2025-02-26,Wednesday,3,40,False
2025-02-26,Wednesday,4,17,False
2025-02-26,Wednesday,5,11,False
2025-02-26,Wednesday,6,23,False
2025-02-26,Wednesday,7,11,False
2025-02-26,Wednesday,8,35,False
2025-02-26,Wednesday,9,21,False
2025-02-26,Wednesday,10,25,False
2025-02-26,Wednesday,11,27,False
2025-02-26,Wednesday,12,21,False
2025-02-26,Wednesday,13,19,False
2025-02-26,Wednesday,14,5,False
2025-02-26,Wednesday,15,11,False
2025-02-26,Wednesday,16,25,False
2025-02-26,Wednesday,17,19,False
2025-02-26,Wednesday,18,19,False
2025-02-26,Wednesday,19,29,False
2025-02-26,Wednesday,20,10,False
2025-02-26,Wednesday,21,31,False
2025-02-26,Wednesday,22,9,False
2025-02-26,Wednesday,23,32,False
2025-02-26,Wednesday,24,16,False
2025-02-26,Wednesday,25,6,False
2025-02-26,Wednesday,26,16,False
2025-02-26,Wednesday,27,28,False
2025-02-26,Wednesday,28,37,False
2025-02-26,Wednesday,29,23,False
2025-02-26,Wednesday,30,14,False
2025-02-26,Wednesday,31,11,False
2025-02-26,Wednesday,32,8,False
2025-02-26,Wednesday,33,30,False
2025-02-26,Wednesday,34,12,False
2025-02-26,Wednesday,35,25,False
2025-02-26,Wednesday,36,24,False
2025-02-26,Wednesday,37,6,False
2025-02-26,Wednesday,38,33,False
2025-02-26,Wednesday,39,31,False
2025-02-26,Wednesday,40,28,False
2025-02-26,Wednesday,41,20,False
2025-02-26,Wednesday,42,9,False
2025-02-26,Wednesday,43,30,False
2025-02-26,Wednesday,44,24,False
2025-02-26,Wednesday,45,7,False
2025-02-26,Wednesday,46,6,False
2025-02-26,Wednesday,47,12,False
2025-02-26,Wednesday,48,23,False
2025-02-26,Wednesday,49,20,False
2025-02-26,Wednesday,50,15,False
2025-02-27,Thursday,1,20,False
2025-02-27,Thursday,2,24,False
2025-02-27,Thursday,3,37,False
2025-02-27,Thursday,4,13,False
2025-02-27,Thursday,5,14,False
2025-02-27,Thursday,6,21,False
2025-02-27,Thursday,7,12,False
2025-02-27,Thursday,8,24,False
2025-02-27,Thursday,9,23,False
2025-02-27,Thursday,10,31,False
2025-02-27,Thursday,11,34,False
2025-02-27,Thursday,12,26,False
2025-02-27,Thursday,13,12,False
2025-02-27,Thursday,14,3,False
2025-02-27,Thursday,15,13,False
2025-02-27,Thursday,16,32,False
2025-02-27,Thursday,17,24,False
2025-02-27,Thursday,18,13,False
2025-02-27,Thursday,19,30,False
2025-02-27,Thursday,20,16,False
2025-02-27,Thursday,21,38,False
2025-02-27,Thursday,22,9,False
2025-02-27,Thursday,23,23,False
2025-02-27,Thursday,24,22,False
2025-02-27,Thursday,25,5,False
2025-02-27,Thursday,26,16,False
2025-02-27,Thursday,27,20,False
2025-02-27,Thursday,28,34,False
2025-02-27,Thursday,29,17,False
2025-02-27,Thursday,30,21,False
2025-02-27,Thursday,31,11,False
2025-02-27,Thursday,32,10,False
2025-02-27,Thursday,33,46,False
2025-02-27,Thursday,34,13,False
2025-02-27,Thursday,35,40,False
2025-02-27,Thursday,36,38,False
2025-02-27,Thursday,37,3,False
2025-02-27,Thursday,38,28,False
2025-02-27,Thursday,39,25,False
2025-02-27,Thursday,40,18,False
2025-02-27,Thursday,41,24,False
2025-02-27,Thursday,42,11,False
2025-02-27,Thursday,43,36,False
2025-02-27,Thursday,44,28,False
2025-02-27,Thursday,45,6,False
2025-02-27,Thursday,46,3,False
2025-02-27,Thursday,47,12,False
2025-02-27,Thursday,48,31,False
2025-02-27,Thursday,49,18,False
2025-02-27,Thursday,50,9,False
2025-02-28,Friday,1,20,False
2025-02-28,Friday,2,34,False
2025-02-28,Friday,3,29,False
2025-02-28,Friday,4,18,False
2025-02-28,Friday,5,14,False
2025-02-28,Friday,6,24,False
2025-02-28,Friday,7,11,False
2025-02-28,Friday,8,38,False
2025-02-28,Friday,9,26,False
2025-02-28,Friday,10,24,False
2025-02-28,Friday,11,24,False
2025-02-28,Friday,12,19,False
2025-02-28,Friday,13,18,False
2025-02-28,Friday,14,3,False
2025-02-28,Friday,15,13,False
2025-02-28,Friday,16,27,False
2025-02-28,Friday,17,30,False
2025-02-28,Friday,18,20,False
2025-02-28,Friday,19,23,False
2025-02-28,Friday,20,17,False
2025-02-28,Friday,21,37,False
2025-02-28,Friday,22,6,False
2025-02-28,Friday,23,27,False
2025-02-28,Friday,24,15,False
2025-02-28,Friday,25,7,False
2025-02-28,Friday,26,15,False
2025-02-28,Friday,27,20,False
2025-02-28,Friday,28,30,False
2025-02-28,Friday,29,25,False
2025-02-28,Friday,30,16,False
2025-02-28,Friday,31,13,False
2025-02-28,Friday,32,13,False
2025-02-28,Friday,33,48,False
2025-02-28,Friday,34,14,False
2025-02-28,Friday,35,33,False
2025-02-28,Friday,36,24,False
2025-02-28,Friday,37,4,False
2025-02-28,Friday,38,28,False
2025-02-28,Friday,39,25,False
2025-02-28,Friday,40,30,False
2025-02-28,Friday,41,19,False
2025-02-28,Friday,42,12,False
2025-02-28,Friday,43,37,False
2025-02-28,Friday,44,17,False
2025-02-28,Friday,45,8,False
2025-02-28,Friday,46,5,False
2025-02-28,Friday,47,10,False
2025-02-28,Friday,48,35,False
2025-02-28,Friday,49,22,False
2025-02-28,Friday,50,12,False
2025-03-01,Saturday,1,47,True
2025-03-01,Saturday,2,72,True
2025-03-01,Saturday,3,59,True
2025-03-01,Saturday,4,25,True
2025-03-01,Saturday,5,27,True
2025-03-01,Saturday,6,42,True
2025-03-01,Saturday,7,21,True
2025-03-01,Saturday,8,45,True
2025-03-01,Saturday,9,43,True
2025-03-01,Saturday,10,63,True
2025-03-01,Saturday,11,44,True
2025-03-01,Saturday,12,29,True
2025-03-01,Saturday,13,34,True
2025-03-01,Saturday,14,9,True
2025-03-01,Saturday,15,20,True
2025-03-01,Saturday,16,58,True
2025-03-01,Saturday,17,52,True
2025-03-01,Saturday,18,20,True
2025-03-01,Saturday,19,56,True
2025-03-01,Saturday,20,16,True
2025-03-01,Saturday,21,63,True
2025-03-01,Saturday,22,11,True
2025-03-01,Saturday,23,23,True
2025-03-01,Saturday,24,47,True
2025-03-01,Saturday,25,16,True
2025-03-01,Saturday,26,31,True
2025-03-01,Saturday,27,55,True
2025-03-01,Saturday,28,86,True
2025-03-01,Saturday,29,26,True
2025-03-01,Saturday,30,26,True
2025-03-01,Saturday,31,28,True
2025-03-01,Saturday,32,23,True
2025-03-01,Saturday,33,93,True
2025-03-01,Saturday,34,24,True
2025-03-01,Saturday,35,41,True
2025-03-01,Saturday,36,87,True
2025-03-01,Saturday,37,8,True
2025-03-01,Saturday,38,44,True
2025-03-01,Saturday,39,99,True
2025-03-01,Saturday,40,52,True
2025-03-01,Saturday,41,49,True
2025-03-01,Saturday,42,20,True
2025-03-01,Saturday,43,38,True
2025-03-01,Saturday,44,34,True
2025-03-01,Saturday,45,8,True
2025-03-01,Saturday,46,10,True
2025-03-01,Saturday,47,20,True
2025-03-01,Saturday,48,41,True
2025-03-01,Saturday,49,27,True
2025-03-01,Saturday,50,29,True
2025-03-02,Sunday,1,44,True
2025-03-02,Sunday,2,90,True
2025-03-02,Sunday,3,93,True
2025-03-02,Sunday,4,22,True
2025-03-02,Sunday,5,24,True
2025-03-02,Sunday,6,39,True
2025-03-02,Sunday,7,24,True
2025-03-02,Sunday,8,55,True
2025-03-02,Sunday,9,27,True
2025-03-02,Sunday,10,66,True
2025-03-02,Sunday,11,59,True
2025-03-02,Sunday,12,31,True
2025-03-02,Sunday,13,22,True
2025-03-02,Sunday,14,6,True
2025-03-02,Sunday,15,22,True
2025-03-02,Sunday,16,63,True
2025-03-02,Sunday,17,52,True
2025-03-02,Sunday,18,29,True
2025-03-02,Sunday,19,58,True
2025-03-02,Sunday,20,19,True
2025-03-02,Sunday,21,56,True
2025-03-02,Sunday,22,12,True
2025-03-02,Sunday,23,35,True
2025-03-02,Sunday,24,36,True
2025-03-02,Sunday,25,14,True
2025-03-02,Sunday,26,46,True
2025-03-02,Sunday,27,57,True
2025-03-02,Sunday,28,75,True
2025-03-02,Sunday,29,35,True
2025-03-02,Sunday,30,43,True
2025-03-02,Sunday,31,25,True
2025-03-02,Sunday,32,23,True
2025-03-02,Sunday,33,73,True
2025-03-02,Sunday,34,33,True
2025-03-02,Sunday,35,52,True
2025-03-02,Sunday,36,87,True
2025-03-02,Sunday,37,7,True
2025-03-02,Sunday,38,69,True
2025-03-02,Sunday,39,86,True
2025-03-02,Sunday,40,54,True
2025-03-02,Sunday,41,53,True
2025-03-02,Sunday,42,18,True
2025-03-02,Sunday,43,48,True
2025-03-02,Sunday,44,40,True
2025-03-02,Sunday,45,11,True
2025-03-02,Sunday,46,10,True
2025-03-02,Sunday,47,20,True
2025-03-02,Sunday,48,61,True
2025-03-02,Sunday,49,21,True
2025-03-02,Sunday,50,27,True
2025-03-03,Monday,1,19,False
2025-03-03,Monday,2,38,False
2025-03-03,Monday,3,26,False
2025-03-03,Monday,4,13,False
2025-03-03,Monday,5,14,False
2025-03-03,Monday,6,25,False
2025-03-03,Monday,7,16,False
2025-03-03,Monday,8,39,False
2025-03-03,Monday,9,19,False
2025-03-03,Monday,10,29,False
2025-03-03,Monday,11,21,False
2025-03-03,Monday,12,18,False
2025-03-03,Monday,13,19,False
2025-03-03,Monday,14,4,False
2025-03-03,Monday,15,13,False
2025-03-03,Monday,16,25,False
2025-03-03,Monday,17,23,False
2025-03-03,Monday,18,19,False
2025-03-03,Monday,19,33,False
2025-03-03,Monday,20,11,False
2025-03-03,Monday,21,28,False
2025-03-03,Monday,22,8,False
2025-03-03,Monday,23,26,False
2025-03-03,Monday,24,20,False
2025-03-03,Monday,25,7,False
2025-03-03,Monday,26,18,False
2025-03-03,Monday,27,22,False
2025-03-03,Monday,28,25,False
2025-03-03,Monday,29,17,False
2025-03-03,Monday,30,17,False
2025-03-03,Monday,31,15,False
2025-03-03,Monday,32,12,False
2025-03-03,Monday,33,32,False
2025-03-03,Monday,34,10,False
2025-03-03,Monday,35,44,False
2025-03-03,Monday,36,24,False
2025-03-03,Monday,37,3,False
2025-03-03,Monday,38,34,False
2025-03-03,Monday,39,33,False
2025-03-03,Monday,40,19,False
2025-03-03,Monday,41,27,False
2025-03-03,Monday,42,10,False
2025-03-03,Monday,43,31,False
2025-03-03,Monday,44,16,False
2025-03-03,Monday,45,9,False
2025-03-03,Monday,46,6,False
2025-03-03,Monday,47,8,False
2025-03-03,Monday,48,25,False
2025-03-03,Monday,49,14,False
2025-03-03,Monday,50,12,False
2025-03-04,Tuesday,1,15,False
2025-03-04,Tuesday,2,23,False
2025-03-04,Tuesday,3,27,False
2025-03-04,Tuesday,4,12,False
2025-03-04,Tuesday,5,21,False
2025-03-04,Tuesday,6,19,False
2025-03-04,Tuesday,7,12,False
2025-03-04,Tuesday,8,36,False
2025-03-04,Tuesday,9,19,False
2025-03-04,Tuesday,10,21,False
2025-03-04,Tuesday,11,28,False
2025-03-04,Tuesday,12,16,False
2025-03-04,Tuesday,13,19,False
2025-03-04,Tuesday,14,4,False
2025-03-04,Tuesday,15,18,False
2025-03-04,Tuesday,16,31,False
2025-03-04,Tuesday,17,31,False
2025-03-04,Tuesday,18,17,False
2025-03-04,Tuesday,19,21,False
2025-03-04,Tuesday,20,11,False
2025-03-04,Tuesday,21,34,False
2025-03-04,Tuesday,22,9,False
2025-03-04,Tuesday,23,22,False
2025-03-04,Tuesday,24,20,False
2025-03-04,Tuesday,25,6,False
2025-03-04,Tuesday,26,13,False
2025-03-04,Tuesday,27,29,False
2025-03-04,Tuesday,28,30,False
2025-03-04,Tuesday,29,21,False
2025-03-04,Tuesday,30,16,False
2025-03-04,Tuesday,31,14,False
2025-03-04,Tuesday,32,8,False
2025-03-04,Tuesday,33,35,False
2025-03-04,Tuesday,34,11,False
2025-03-04,Tuesday,35,35,False
2025-03-04,Tuesday,36,38,False
2025-03-04,Tuesday,37,5,False
2025-03-04,Tuesday,38,32,False
2025-03-04,Tuesday,39,36,False
2025-03-04,Tuesday,40,31,False
2025-03-04,Tuesday,41,28,False
2025-03-04,Tuesday,42,13,False
2025-03-04,Tuesday,43,27,False
2025-03-04,Tuesday,44,26,False
2025-03-04,Tuesday,45,9,False
2025-03-04,Tuesday,46,6,False
2025-03-04,Tuesday,47,9,False
2025-03-04,Tuesday,48,27,False
2025-03-04,Tuesday,49,22,False
2025-03-04,Tuesday,50,11,False
2025-03-05,Wednesday,1,21,False
2025-03-05,Wednesday,2,29,False
2025-03-05,Wednesday,3,32,False
2025-03-05,Wednesday,4,13,False
2025-03-05,Wednesday,5,22,False
2025-03-05,Wednesday,6,23,False
2025-03-05,Wednesday,7,12,False
2025-03-05,Wednesday,8,41,False
2025-03-05,Wednesday,9,24,False
2025-03-05,Wednesday,10,21,False
2025-03-05,Wednesday,11,27,False
2025-03-05,Wednesday,12,18,False
2025-03-05,Wednesday,13,14,False
2025-03-05,Wednesday,14,3,False
2025-03-05,Wednesday,15,18,False
2025-03-05,Wednesday,16,28,False
2025-03-05,Wednesday,17,31,False
2025-03-05,Wednesday,18,21,False
2025-03-05,Wednesday,19,38,False
2025-03-05,Wednesday,20,11,False
2025-03-05,Wednesday,21,29,False
2025-03-05,Wednesday,22,9,False
2025-03-05,Wednesday,23,26,False
2025-03-05,Wednesday,24,16,False
2025-03-05,Wednesday,25,6,False
2025-03-05,Wednesday,26,14,False
2025-03-05,Wednesday,27,27,False
2025-03-05,Wednesday,28,36,False
2025-03-05,Wednesday,29,21,False
2025-03-05,Wednesday,30,12,False
2025-03-05,Wednesday,31,17,False
2025-03-05,Wednesday,32,14,False
2025-03-05,Wednesday,33,44,False
2025-03-05,Wednesday,34,13,False
2025-03-05,Wednesday,35,39,False
2025-03-05,Wednesday,36,34,False
2025-03-05,Wednesday,37,4,False
2025-03-05,Wednesday,38,22,False
2025-03-05,Wednesday,39,36,False
2025-03-05,Wednesday,40,23,False
2025-03-05,Wednesday,41,26,False
2025-03-05,Wednesday,42,12,False
2025-03-05,Wednesday,43,27,False
2025-03-05,Wednesday,44,29,False
2025-03-05,Wednesday,45,7,False
2025-03-05,Wednesday,46,4,False
2025-03-05,Wednesday,47,8,False
2025-03-05,Wednesday,48,37,False
2025-03-05,Wednesday,49,15,False
2025-03-05,Wednesday,50,15,False
2025-03-06,Thursday,1,16,False
2025-03-06,Thursday,2,38,False
2025-03-06,Thursday,3,31,False
2025-03-06,Thursday,4,12,False
2025-03-06,Thursday,5,21,False
2025-03-06,Thursday,6,20,False
2025-03-06,Thursday,7,16,False
2025-03-06,Thursday,8,25,False
2025-03-06,Thursday,9,23,False
2025-03-06,Thursday,10,30,False
2025-03-06,Thursday,11,34,False
2025-03-06,Thursday,12,20,False
2025-03-06,Thursday,13,13,False
2025-03-06,Thursday,14,4,False
2025-03-06,Thursday,15,14,False
2025-03-06,Thursday,16,28,False
2025-03-06,Thursday,17,28,False
2025-03-06,Thursday,18,14,False
2025-03-06,Thursday,19,22,False
2025-03-06,Thursday,20,12,False
2025-03-06,Thursday,21,32,False
2025-03-06,Thursday,22,9,False
2025-03-06,Thursday,23,25,False
2025-03-06,Thursday,24,23,False
2025-03-06,Thursday,25,7,False
2025-03-06,Thursday,26,23,False
2025-03-06,Thursday,27,28,False
2025-03-06,Thursday,28,39,False
2025-03-06,Thursday,29,16,False
2025-03-06,Thursday,30,18,False
2025-03-06,Thursday,31,13,False
2025-03-06,Thursday,32,8,False
2025-03-06,Thursday,33,40,False
2025-03-06,Thursday,34,15,False
2025-03-06,Thursday,35,44,False
2025-03-06,Thursday,36,25,False
2025-03-06,Thursday,37,4,False
2025-03-06,Thursday,38,22,False
2025-03-06,Thursday,39,35,False
2025-03-06,Thursday,40,27,False
2025-03-06,Thursday,41,23,False
2025-03-06,Thursday,42,15,False
2025-03-06,Thursday,43,26,False
2025-03-06,Thursday,44,18,False
2025-03-06,Thursday,45,7,False
2025-03-06,Thursday,46,4,False
2025-03-06,Thursday,47,11,False
2025-03-06,Thursday,48,23,False
2025-03-06,Thursday,49,20,False
2025-03-06,Thursday,50,15,False
2025-03-07,Friday,1,12,False
2025-03-07,Friday,2,22,False
2025-03-07,Friday,3,23,False
2025-03-07,Friday,4,15,False
2025-03-07,Friday,5,13,False
2025-03-07,Friday,6,31,False
2025-03-07,Friday,7,15,False
2025-03-07,Friday,8,34,False
2025-03-07,Friday,9,26,False
2025-03-07,Friday,10,22,False
2025-03-07,Friday,11,27,False
2025-03-07,Friday,12,24,False
2025-03-07,Friday,13,18,False
2025-03-07,Friday,14,6,False
2025-03-07,Friday,15,16,False
2025-03-07,Friday,16,26,False
2025-03-07,Friday,17,32,False
2025-03-07,Friday,18,15,False
2025-03-07,Friday,19,21,False
2025-03-07,Friday,20,11,False
2025-03-07,Friday,21,38,False
2025-03-07,Friday,22,9,False
2025-03-07,Friday,23,22,False
2025-03-07,Friday,24,18,False
2025-03-07,Friday,25,6,False
2025-03-07,Friday,26,13,False
2025-03-07,Friday,27,22,False
2025-03-07,Friday,28,34,False
2025-03-07,Friday,29,26,False
2025-03-07,Friday,30,20,False
2025-03-07,Friday,31,15,False
2025-03-07,Friday,32,14,False
2025-03-07,Friday,33,38,False
2025-03-07,Friday,34,13,False
2025-03-07,Friday,35,28,False
2025-03-07,Friday,36,26,False
2025-03-07,Friday,37,5,False
2025-03-07,Friday,38,22,False
2025-03-07,Friday,39,36,False
2025-03-07,Friday,40,20,False
2025-03-07,Friday,41,21,False
2025-03-07,Friday,42,14,False
2025-03-07,Friday,43,33,False
2025-03-07,Friday,44,28,False
2025-03-07,Friday,45,8,False
2025-03-07,Friday,46,3,False
2025-03-07,Friday,47,12,False
2025-03-07,Friday,48,28,False
2025-03-07,Friday,49,22,False
2025-03-07,Friday,50,14,False
2025-03-08,Saturday,1,40,True
2025-03-08,Saturday,2,63,True
2025-03-08,Saturday,3,61,True
2025-03-08,Saturday,4,26,True
2025-03-08,Saturday,5,30,True
2025-03-08,Saturday,6,34,True
2025-03-08,Saturday,7,13,True
2025-03-08,Saturday,8,52,True
2025-03-08,Saturday,9,25,True
2025-03-08,Saturday,10,71,True
2025-03-08,Saturday,11,51,True
2025-03-08,Saturday,12,43,True
2025-03-08,Saturday,13,24,True
2025-03-08,Saturday,14,6,True
2025-03-08,Saturday,15,34,True
2025-03-08,Saturday,16,58,True
2025-03-08,Saturday,17,50,True
2025-03-08,Saturday,18,16,True
2025-03-08,Saturday,19,47,True
2025-03-08,Saturday,20,16,True
2025-03-08,Saturday,21,70,True
2025-03-08,Saturday,22,7,True
2025-03-08,Saturday,23,39,True
2025-03-08,Saturday,24,45,True
2025-03-08,Saturday,25,12,True
2025-03-08,Saturday,26,27,True
2025-03-08,Saturday,27,49,True
2025-03-08,Saturday,28,60,True
2025-03-08,Saturday,29,32,True
2025-03-08,Saturday,30,41,True
2025-03-08,Saturday,31,18,True
2025-03-08,Saturday,32,20,True
2025-03-08,Saturday,33,71,True
2025-03-08,Saturday,34,31,True
2025-03-08,Saturday,35,65,True
2025-03-08,Saturday,36,68,True
2025-03-08,Saturday,37,7,True
2025-03-08,Saturday,38,69,True
2025-03-08,Saturday,39,91,True
2025-03-08,Saturday,40,66,True
2025-03-08,Saturday,41,49,True
2025-03-08,Saturday,42,21,True
2025-03-08,Saturday,43,45,True
2025-03-08,Saturday,44,47,True
2025-03-08,Saturday,45,9,True
2025-03-08,Saturday,46,8,True
2025-03-08,Saturday,47,20,True
2025-03-08,Saturday,48,68,True
2025-03-08,Saturday,49,36,True
2025-03-08,Saturday,50,33,True
2025-03-09,Sunday,1,35,True
2025-03-09,Sunday,2,74,True
2025-03-09,Sunday,3,61,True
2025-03-09,Sunday,4,26,True
2025-03-09,Sunday,5,29,True
2025-03-09,Sunday,6,51,True
2025-03-09,Sunday,7,19,True
2025-03-09,Sunday,8,37,True
2025-03-09,Sunday,9,31,True
2025-03-09,Sunday,10,52,True
2025-03-09,Sunday,11,59,True
2025-03-09,Sunday,12,31,True
2025-03-09,Sunday,13,21,True
2025-03-09,Sunday,14,6,True
2025-03-09,Sunday,15,26,True
2025-03-09,Sunday,16,53,True
2025-03-09,Sunday,17,52,True
2025-03-09,Sunday,18,20,True
2025-03-09,Sunday,19,78,True
2025-03-09,Sunday,20,15,True
2025-03-09,Sunday,21,54,True
2025-03-09,Sunday,22,9,True
2025-03-09,Sunday,23,24,True
2025-03-09,Sunday,24,40,True
2025-03-09,Sunday,25,12,True
2025-03-09,Sunday,26,48,True
2025-03-09,Sunday,27,41,True
2025-03-09,Sunday,28,75,True
2025-03-09,Sunday,29,22,True
2025-03-09,Sunday,30,39,True
2025-03-09,Sunday,31,26,True
2025-03-09,Sunday,32,16,True
2025-03-09,Sunday,33,86,True
2025-03-09,Sunday,34,26,True
2025-03-09,Sunday,35,70,True
2025-03-09,Sunday,36,96,True
2025-03-09,Sunday,37,10,True
2025-03-09,Sunday,38,40,True
2025-03-09,Sunday,39,84,True
2025-03-09,Sunday,40,40,True
2025-03-09,Sunday,41,34,True
2025-03-09,Sunday,42,18,True
2025-03-09,Sunday,43,40,True
2025-03-09,Sunday,44,30,True
2025-03-09,Sunday,45,16,True
2025-03-09,Sunday,46,6,True
2025-03-09,Sunday,47,22,True
2025-03-09,Sunday,48,70,True
2025-03-09,Sunday,49,36,True
2025-03-09,Sunday,50,22,True
2025-03-10,Monday,1,11,False
2025-03-10,Monday,2,27,False
2025-03-10,Monday,3,28,False
2025-03-10,Monday,4,19,False
2025-03-10,Monday,5,12,False
2025-03-10,Monday,6,19,False
2025-03-10,Monday,7,18,False
2025-03-10,Monday,8,32,False
2025-03-10,Monday,9,24,False
2025-03-10,Monday,10,25,False
2025-03-10,Monday,11,22,False
2025-03-10,Monday,12,23,False
2025-03-10,Monday,13,16,False
2025-03-10,Monday,14,3,False
2025-03-10,Monday,15,18,False
2025-03-10,Monday,16,24,False
2025-03-10,Monday,17,20,False
2025-03-10,Monday,18,15,False
2025-03-10,Monday,19,35,False
2025-03-10,Monday,20,13,False
2025-03-10,Monday,21,23,False
2025-03-10,Monday,22,7,False
2025-03-10,Monday,23,18,False
2025-03-10,Monday,24,26,False
2025-03-10,Monday,25,7,False
2025-03-10,Monday,26,16,False
2025-03-10,Monday,27,23,False
2025-03-10,Monday,28,34,False
2025-03-10,Monday,29,21,False
2025-03-10,Monday,30,15,False
2025-03-10,Monday,31,15,False
2025-03-10,Monday,32,15,False
2025-03-10,Monday,33,47,False
2025-03-10,Monday,34,15,False
2025-03-10,Monday,35,28,False
2025-03-10,Monday,36,33,False
2025-03-10,Monday,37,3,False
2025-03-10,Monday,38,29,False
2025-03-10,Monday,39,30,False
2025-03-10,Monday,40,21,False
2025-03-10,Monday,41,15,False
2025-03-10,Monday,42,9,False
2025-03-10,Monday,43,42,False
2025-03-10,Monday,44,21,False
2025-03-10,Monday,45,9,False
2025-03-10,Monday,46,5,False
2025-03-10,Monday,47,7,False
2025-03-10,Monday,48,23,False
2025-03-10,Monday,49,17,False
2025-03-10,Monday,50,11,False
2025-03-11,Tuesday,1,20,False
2025-03-11,Tuesday,2,27,False
2025-03-11,Tuesday,3,24,False
2025-03-11,Tuesday,4,19,False
2025-03-11,Tuesday,5,17,False
2025-03-11,Tuesday,6,32,False
2025-03-11,Tuesday,7,16,False
2025-03-11,Tuesday,8,32,False
2025-03-11,Tuesday,9,17,False
2025-03-11,Tuesday,10,32,False
2025-03-11,Tuesday,11,22,False
2025-03-11,Tuesday,12,25,False
2025-03-11,Tuesday,13,14,False
2025-03-11,Tuesday,14,5,False
2025-03-11,Tuesday,15,16,False
2025-03-11,Tuesday,16,29,False
2025-03-11,Tuesday,17,25,False
2025-03-11,Tuesday,18,15,False
2025-03-11,Tuesday,19,38,False
2025-03-11,Tuesday,20,16,False
2025-03-11,Tuesday,21,31,False
2025-03-11,Tuesday,22,10,False
2025-03-11,Tuesday,23,23,False
2025-03-11,Tuesday,24,22,False
2025-03-11,Tuesday,25,7,False
2025-03-11,Tuesday,26,14,False
2025-03-11,Tuesday,27,28,False
2025-03-11,Tuesday,28,31,False
2025-03-11,Tuesday,29,25,False
2025-03-11,Tuesday,30,13,False
2025-03-11,Tuesday,31,12,False
2025-03-11,Tuesday,32,11,False
2025-03-11,Tuesday,33,49,False
2025-03-11,Tuesday,34,15,False
2025-03-11,Tuesday,35,39,False
2025-03-11,Tuesday,36,30,False
2025-03-11,Tuesday,37,5,False
2025-03-11,Tuesday,38,33,False
2025-03-11,Tuesday,39,25,False
2025-03-11,Tuesday,40,31,False
2025-03-11,Tuesday,41,20,False
2025-03-11,Tuesday,42,9,False
2025-03-11,Tuesday,43,36,False
2025-03-11,Tuesday,44,19,False
2025-03-11,Tuesday,45,7,False
2025-03-11,Tuesday,46,5,False
2025-03-11,Tuesday,47,7,False
2025-03-11,Tuesday,48,32,False
2025-03-11,Tuesday,49,14,False
2025-03-11,Tuesday,50,15,False
2025-03-12,Wednesday,1,13,False
2025-03-12,Wednesday,2,23,False
2025-03-12,Wednesday,3,30,False
2025-03-12,Wednesday,4,20,False
2025-03-12,Wednesday,5,13,False
2025-03-12,Wednesday,6,30,False
2025-03-12,Wednesday,7,11,False
2025-03-12,Wednesday,8,43,False
2025-03-12,Wednesday,9,26,False
2025-03-12,Wednesday,10,25,False
2025-03-12,Wednesday,11,26,False
2025-03-12,Wednesday,12,21,False
2025-03-12,Wednesday,13,12,False
2025-03-12,Wednesday,14,5,False
2025-03-12,Wednesday,15,11,False
2025-03-12,Wednesday,16,23,False
2025-03-12,Wednesday,17,21,False
2025-03-12,Wednesday,18,13,False
2025-03-12,Wednesday,19,21,False
2025-03-12,Wednesday,20,16,False
2025-03-12,Wednesday,21,23,False
2025-03-12,Wednesday,22,9,False
2025-03-12,Wednesday,23,30,False
2025-03-12,Wednesday,24,28,False
2025-03-12,Wednesday,25,7,False
2025-03-12,Wednesday,26,22,False
2025-03-12,Wednesday,27,20,False
2025-03-12,Wednesday,28,28,False
2025-03-12,Wednesday,29,26,False
2025-03-12,Wednesday,30,18,False
2025-03-12,Wednesday,31,15,False
2025-03-12,Wednesday,32,9,False
2025-03-12,Wednesday,33,38,False
2025-03-12,Wednesday,34,10,False
2025-03-12,Wednesday,35,27,False
2025-03-12,Wednesday,36,44,False
2025-03-12,Wednesday,37,3,False
2025-03-12,Wednesday,38,33,False
2025-03-12,Wednesday,39,29,False
2025-03-12,Wednesday,40,32,False
2025-03-12,Wednesday,41,26,False
2025-03-12,Wednesday,42,11,False
2025-03-12,Wednesday,43,30,False
2025-03-12,Wednesday,44,22,False
2025-03-12,Wednesday,45,9,False
2025-03-12,Wednesday,46,4,False
2025-03-12,Wednesday,47,9,False
2025-03-12,Wednesday,48,23,False
2025-03-12,Wednesday,49,21,False
2025-03-12,Wednesday,50,13,False
2025-03-13,Thursday,1,13,False
2025-03-13,Thursday,2,33,False
2025-03-13,Thursday,3,28,False
2025-03-13,Thursday,4,16,False
2025-03-13,Thursday,5,18,False
2025-03-13,Thursday,6,32,False
2025-03-13,Thursday,7,18,False
2025-03-13,Thursday,8,33,False
2025-03-13,Thursday,9,23,False
2025-03-13,Thursday,10,28,False
2025-03-13,Thursday,11,36,False
2025-03-13,Thursday,12,15,False
2025-03-13,Thursday,13,12,False
2025-03-13,Thursday,14,3,False
2025-03-13,Thursday,15,16,False
2025-03-13,Thursday,16,27,False
2025-03-13,Thursday,17,27,False
2025-03-13,Thursday,18,14,False
2025-03-13,Thursday,19,34,False
2025-03-13,Thursday,20,14,False
2025-03-13,Thursday,21,37,False
2025-03-13,Thursday,22,7,False
2025-03-13,Thursday,23,23,False
2025-03-13,Thursday,24,23,False
2025-03-13,Thursday,25,7,False
2025-03-13,Thursday,26,14,False
2025-03-13,Thursday,27,20,False
2025-03-13,Thursday,28,34,False
2025-03-13,Thursday,29,22,False
2025-03-13,Thursday,30,13,False
2025-03-13,Thursday,31,17,False
2025-03-13,Thursday,32,11,False
2025-03-13,Thursday,33,29,False
2025-03-13,Thursday,34,14,False
2025-03-13,Thursday,35,40,False
2025-03-13,Thursday,36,36,False
2025-03-13,Thursday,37,6,False
2025-03-13,Thursday,38,25,False
2025-03-13,Thursday,39,43,False
2025-03-13,Thursday,40,22,False
2025-03-13,Thursday,41,28,False
2025-03-13,Thursday,42,11,False
2025-03-13,Thursday,43,36,False
2025-03-13,Thursday,44,22,False
2025-03-13,Thursday,45,5,False
2025-03-13,Thursday,46,6,False
2025-03-13,Thursday,47,12,False
2025-03-13,Thursday,48,35,False
2025-03-13,Thursday,49,19,False
2025-03-13,Thursday,50,13,False
2025-03-14,Friday,1,12,False
2025-03-14,Friday,2,25,False
2025-03-14,Friday,3,28,False
2025-03-14,Friday,4,19,False
2025-03-14,Friday,5,13,False
2025-03-14,Friday,6,24,False
2025-03-14,Friday,7,11,False
2025-03-14,Friday,8,34,False
2025-03-14,Friday,9,25,False
2025-03-14,Friday,10,24,False
2025-03-14,Friday,11,37,False
2025-03-14,Friday,12,18,False
2025-03-14,Friday,13,13,False
2025-03-14,Friday,14,3,False
2025-03-14,Friday,15,17,False
2025-03-14,Friday,16,23,False
2025-03-14,Friday,17,23,False
2025-03-14,Friday,18,13,False
2025-03-14,Friday,19,28,False
2025-03-14,Friday,20,17,False
2025-03-14,Friday,21,30,False
2025-03-14,Friday,22,10,False
2025-03-14,Friday,23,22,False
2025-03-14,Friday,24,21,False
2025-03-14,Friday,25,4,False
2025-03-14,Friday,26,22,False
2025-03-14,Friday,27,20,False
2025-03-14,Friday,28,22,False
2025-03-14,Friday,29,29,False
2025-03-14,Friday,30,13,False
2025-03-14,Friday,31,15,False
2025-03-14,Friday,32,11,False
2025-03-14,Friday,33,47,False
2025-03-14,Friday,34,10,False
2025-03-14,Friday,35,34,False
2025-03-14,Friday,36,28,False
2025-03-14,Friday,37,5,False
2025-03-14,Friday,38,35,False
2025-03-14,Friday,39,41,False
2025-03-14,Friday,40,23,False
2025-03-14,Friday,41,18,False
2025-03-14,Friday,42,11,False
2025-03-14,Friday,43,37,False
2025-03-14,Friday,44,17,False
2025-03-14,Friday,45,10,False
2025-03-14,Friday,46,3,False
2025-03-14,Friday,47,12,False
2025-03-14,Friday,48,33,False
2025-03-14,Friday,49,13,False
2025-03-14,Friday,50,9,False
2025-03-15,Saturday,1,30,True
2025-03-15,Saturday,2,56,True
2025-03-15,Saturday,3,56,True
2025-03-15,Saturday,4,20,True
2025-03-15,Saturday,5,21,True
2025-03-15,Saturday,6,38,True
2025-03-15,Saturday,7,25,True
2025-03-15,Saturday,8,60,True
2025-03-15,Saturday,9,34,True
2025-03-15,Saturday,10,61,True
2025-03-15,Saturday,11,49,True
2025-03-15,Saturday,12,49,True
2025-03-15,Saturday,13,36,True
2025-03-15,Saturday,14,9,True
2025-03-15,Saturday,15,34,True
2025-03-15,Saturday,16,61,True
2025-03-15,Saturday,17,35,True
2025-03-15,Saturday,18,22,True
2025-03-15,Saturday,19,82,True
2025-03-15,Saturday,20,21,True
2025-03-15,Saturday,21,61,True
2025-03-15,Saturday,22,11,True
2025-03-15,Saturday,23,40,True
2025-03-15,Saturday,24,49,True
2025-03-15,Saturday,25,16,True
2025-03-15,Saturday,26,31,True
2025-03-15,Saturday,27,51,True
2025-03-15,Saturday,28,57,True
2025-03-15,Saturday,29,28,True
2025-03-15,Saturday,30,26,True
2025-03-15,Saturday,31,28,True
2025-03-15,Saturday,32,16,True
2025-03-15,Saturday,33,73,True
2025-03-15,Saturday,34,33,True
2025-03-15,Saturday,35,51,True
2025-03-15,Saturday,36,54,True
2025-03-15,Saturday,37,10,True
2025-03-15,Saturday,38,57,True
2025-03-15,Saturday,39,59,True
2025-03-15,Saturday,40,52,True
2025-03-15,Saturday,41,53,True
2025-03-15,Saturday,42,21,True
2025-03-15,Saturday,43,37,True
2025-03-15,Saturday,44,51,True
2025-03-15,Saturday,45,12,True
2025-03-15,Saturday,46,8,True
2025-03-15,Saturday,47,18,True
2025-03-15,Saturday,48,53,True
2025-03-15,Saturday,49,29,True
2025-03-15,Saturday,50,22,True
2025-03-16,Sunday,1,33,True
2025-03-16,Sunday,2,67,True
2025-03-16,Sunday,3,71,True
2025-03-16,Sunday,4,20,True
2025-03-16,Sunday,5,22,True
2025-03-16,Sunday,6,41,True
2025-03-16,Sunday,7,24,True
2025-03-16,Sunday,8,39,True
2025-03-16,Sunday,9,39,True
2025-03-16,Sunday,10,45,True
2025-03-16,Sunday,11,45,True
2025-03-16,Sunday,12,41,True
2025-03-16,Sunday,13,34,True
2025-03-16,Sunday,14,7,True
2025-03-16,Sunday,15,32,True
2025-03-16,Sunday,16,63,True
2025-03-16,Sunday,17,50,True
2025-03-16,Sunday,18,24,True
2025-03-16,Sunday,19,73,True
2025-03-16,Sunday,20,16,True
2025-03-16,Sunday,21,77,True
2025-03-16,Sunday,22,12,True
2025-03-16,Sunday,23,34,True
2025-03-16,Sunday,24,38,True
2025-03-16,Sunday,25,16,True
2025-03-16,Sunday,26,40,True
2025-03-16,Sunday,27,39,True
2025-03-16,Sunday,28,78,True
2025-03-16,Sunday,29,33,True
2025-03-16,Sunday,30,39,True
2025-03-16,Sunday,31,20,True
2025-03-16,Sunday,32,16,True
2025-03-16,Sunday,33,79,True
2025-03-16,Sunday,34,31,True
2025-03-16,Sunday,35,41,True
2025-03-16,Sunday,36,84,True
2025-03-16,Sunday,37,8,True
2025-03-16,Sunday,38,71,True
2025-03-16,Sunday,39,106,True
2025-03-16,Sunday,40,48,True
2025-03-16,Sunday,41,43,True
2025-03-16,Sunday,42,18,True
2025-03-16,Sunday,43,58,True
2025-03-16,Sunday,44,47,True
2025-03-16,Sunday,45,14,True
2025-03-16,Sunday,46,10,True
2025-03-16,Sunday,47,16,True
2025-03-16,Sunday,48,47,True
2025-03-16,Sunday,49,29,True
2025-03-16,Sunday,50,27,True
2025-03-17,Monday,1,17,False
2025-03-17,Monday,2,34,False
2025-03-17,Monday,3,39,False
2025-03-17,Monday,4,20,False
2025-03-17,Monday,5,16,False
2025-03-17,Monday,6,29,False
2025-03-17,Monday,7,10,False
2025-03-17,Monday,8,37,False
2025-03-17,Monday,9,21,False
2025-03-17,Monday,10,26,False
2025-03-17,Monday,11,21,False
2025-03-17,Monday,12,25,False
2025-03-17,Monday,13,18,False
2025-03-17,Monday,14,5,False
2025-03-17,Monday,15,13,False
2025-03-17,Monday,16,18,False
2025-03-17,Monday,17,27,False
2025-03-17,Monday,18,20,False
2025-03-17,Monday,19,22,False
2025-03-17,Monday,20,14,False
2025-03-17,Monday,21,33,False
2025-03-17,Monday,22,9,False
2025-03-17,Monday,23,33,False
2025-03-17,Monday,24,22,False
2025-03-17,Monday,25,5,False
2025-03-17,Monday,26,18,False
2025-03-17,Monday,27,32,False
2025-03-17,Monday,28,35,False
2025-03-17,Monday,29,18,False
2025-03-17,Monday,30,13,False
2025-03-17,Monday,31,11,False
2025-03-17,Monday,32,12,False
2025-03-17,Monday,33,42,False
2025-03-17,Monday,34,16,False
2025-03-17,Monday,35,36,False
2025-03-17,Monday,36,38,False
2025-03-17,Monday,37,5,False
2025-03-17,Monday,38,33,False
2025-03-17,Monday,39,43,False
2025-03-17,Monday,40,31,False
2025-03-17,Monday,41,19,False
2025-03-17,Monday,42,12,False
2025-03-17,Monday,43,32,False
2025-03-17,Monday,44,23,False
2025-03-17,Monday,45,7,False
2025-03-17,Monday,46,4,False
2025-03-17,Monday,47,8,False
2025-03-17,Monday,48,27,False
2025-03-17,Monday,49,18,False
2025-03-17,Monday,50,10,False
2025-03-18,Tuesday,1,14,False
2025-03-18,Tuesday,2,23,False
2025-03-18,Tuesday,3,23,False
2025-03-18,Tuesday,4,15,False
2025-03-18,Tuesday,5,18,False
2025-03-18,Tuesday,6,27,False
2025-03-18,Tuesday,7,10,False
2025-03-18,Tuesday,8,26,False
2025-03-18,Tuesday,9,18,False
2025-03-18,Tuesday,10,24,False
2025-03-18,Tuesday,11,34,False
2025-03-18,Tuesday,12,22,False
2025-03-18,Tuesday,13,16,False
2025-03-18,Tuesday,14,5,False
2025-03-18,Tuesday,15,16,False
2025-03-18,Tuesday,16,20,False
2025-03-18,Tuesday,17,21,False
2025-03-18,Tuesday,18,13,False
2025-03-18,Tuesday,19,34,False
2025-03-18,Tuesday,20,17,False
2025-03-18,Tuesday,21,35,False
2025-03-18,Tuesday,22,6,False
2025-03-18,Tuesday,23,33,False
2025-03-18,Tuesday,24,15,False
2025-03-18,Tuesday,25,4,False
2025-03-18,Tuesday,26,16,False
2025-03-18,Tuesday,27,34,False
2025-03-18,Tuesday,28,32,False
2025-03-18,Tuesday,29,18,False
2025-03-18,Tuesday,30,20,False
2025-03-18,Tuesday,31,17,False
2025-03-18,Tuesday,32,11,False
2025-03-18,Tuesday,33,43,False
2025-03-18,Tuesday,34,11,False
2025-03-18,Tuesday,35,34,False
2025-03-18,Tuesday,36,39,False
2025-03-18,Tuesday,37,6,False
2025-03-18,Tuesday,38,23,False
2025-03-18,Tuesday,39,30,False
2025-03-18,Tuesday,40,23,False
2025-03-18,Tuesday,41,24,False
2025-03-18,Tuesday,42,13,False
2025-03-18,Tuesday,43,23,False
2025-03-18,Tuesday,44,28,False
2025-03-18,Tuesday,45,5,False
2025-03-18,Tuesday,46,3,False
2025-03-18,Tuesday,47,8,False
2025-03-18,Tuesday,48,37,False
2025-03-18,Tuesday,49,21,False
2025-03-18,Tuesday,50,10,False
2025-03-19,Wednesday,1,18,False
2025-03-19,Wednesday,2,25,False
2025-03-19,Wednesday,3,25,False
2025-03-19,Wednesday,4,17,False
2025-03-19,Wednesday,5,17,False
2025-03-19,Wednesday,6,21,False
2025-03-19,Wednesday,7,10,False
2025-03-19,Wednesday,8,39,False
2025-03-19,Wednesday,9,22,False
2025-03-19,Wednesday,10,27,False
2025-03-19,Wednesday,11,22,False
2025-03-19,Wednesday,12,26,False
2025-03-19,Wednesday,13,15,False
2025-03-19,Wednesday,14,6,False
2025-03-19,Wednesday,15,12,False
2025-03-19,Wednesday,16,30,False
2025-03-19,Wednesday,17,18,False
2025-03-19,Wednesday,18,17,False
2025-03-19,Wednesday,19,29,False
2025-03-19,Wednesday,20,11,False
2025-03-19,Wednesday,21,31,False
2025-03-19,Wednesday,22,9,False
2025-03-19,Wednesday,23,30,False
2025-03-19,Wednesday,24,25,False
2025-03-19,Wednesday,25,4,False
2025-03-19,Wednesday,26,15,False
2025-03-19,Wednesday,27,30,False
2025-03-19,Wednesday,28,31,False
2025-03-19,Wednesday,29,25,False
2025-03-19,Wednesday,30,16,False
2025-03-19,Wednesday,31,11,False
2025-03-19,Wednesday,32,14,False
2025-03-19,Wednesday,33,40,False
2025-03-19,Wednesday,34,13,False
2025-03-19,Wednesday,35,33,False
2025-03-19,Wednesday,36,29,False
2025-03-19,Wednesday,37,5,False
2025-03-19,Wednesday,38,35,False
2025-03-19,Wednesday,39,36,False
2025-03-19,Wednesday,40,32,False
2025-03-19,Wednesday,41,18,False
2025-03-19,Wednesday,42,13,False
2025-03-19,Wednesday,43,30,False
2025-03-19,Wednesday,44,16,False
2025-03-19,Wednesday,45,6,False
2025-03-19,Wednesday,46,4,False
2025-03-19,Wednesday,47,8,False
2025-03-19,Wednesday,48,32,False
2025-03-19,Wednesday,49,21,False
2025-03-19,Wednesday,50,9,False
2025-03-20,Thursday,1,12,False
2025-03-20,Thursday,2,35,False
2025-03-20,Thursday,3,25,False
2025-03-20,Thursday,4,16,False
2025-03-20,Thursday,5,18,False
2025-03-20,Thursday,6,30,False
2025-03-20,Thursday,7,12,False
2025-03-20,Thursday,8,36,False
2025-03-20,Thursday,9,17,False
2025-03-20,Thursday,10,19,False
2025-03-20,Thursday,11,21,False
2025-03-20,Thursday,12,18,False
2025-03-20,Thursday,13,12,False
2025-03-20,Thursday,14,5,False
2025-03-20,Thursday,15,13,False
2025-03-20,Thursday,16,27,False
2025-03-20,Thursday,17,29,False
2025-03-20,Thursday,18,21,False
2025-03-20,Thursday,19,30,False
2025-03-20,Thursday,20,10,False
2025-03-20,Thursday,21,36,False
2025-03-20,Thursday,22,8,False
2025-03-20,Thursday,23,32,False
2025-03-20,Thursday,24,18,False
2025-03-20,Thursday,25,5,False
2025-03-20,Thursday,26,14,False
2025-03-20,Thursday,27,28,False
2025-03-20,Thursday,28,36,False
2025-03-20,Thursday,29,25,False
2025-03-20,Thursday,30,15,False
2025-03-20,Thursday,31,11,False
2025-03-20,Thursday,32,14,False
2025-03-20,Thursday,33,36,False
2025-03-20,Thursday,34,9,False
2025-03-20,Thursday,35,24,False
2025-03-20,Thursday,36,28,False
2025-03-20,Thursday,37,5,False
2025-03-20,Thursday,38,36,False
2025-03-20,Thursday,39,41,False
2025-03-20,Thursday,40,31,False
2025-03-20,Thursday,41,21,False
2025-03-20,Thursday,42,13,False
2025-03-20,Thursday,43,31,False
2025-03-20,Thursday,44,19,False
2025-03-20,Thursday,45,6,False
2025-03-20,Thursday,46,3,False
2025-03-20,Thursday,47,7,False
2025-03-20,Thursday,48,28,False
2025-03-20,Thursday,49,18,False
2025-03-20,Thursday,50,9,False
2025-03-21,Friday,1,19,False
2025-03-21,Friday,2,26,False
2025-03-21,Friday,3,39,False
2025-03-21,Friday,4,18,False
2025-03-21,Friday,5,16,False
2025-03-21,Friday,6,32,False
2025-03-21,Friday,7,18,False
2025-03-21,Friday,8,29,False
2025-03-21,Friday,9,19,False
2025-03-21,Friday,10,28,False
2025-03-21,Friday,11,32,False
2025-03-21,Friday,12,20,False
2025-03-21,Friday,13,16,False
2025-03-21,Friday,14,6,False
2025-03-21,Friday,15,19,False
2025-03-21,Friday,16,24,False
2025-03-21,Friday,17,23,False
2025-03-21,Friday,18,19,False
2025-03-21,Friday,19,27,False
2025-03-21,Friday,20,14,False
2025-03-21,Friday,21,21,False
2025-03-21,Friday,22,6,False
2025-03-21,Friday,23,27,False
2025-03-21,Friday,24,24,False
2025-03-21,Friday,25,7,False
2025-03-21,Friday,26,21,False
2025-03-21,Friday,27,32,False
2025-03-21,Friday,28,38,False
2025-03-21,Friday,29,21,False
2025-03-21,Friday,30,14,False
2025-03-21,Friday,31,16,False
2025-03-21,Friday,32,14,False
2025-03-21,Friday,33,31,False
2025-03-21,Friday,34,16,False
2025-03-21,Friday,35,31,False
2025-03-21,Friday,36,33,False
2025-03-21,Friday,37,5,False
2025-03-21,Friday,38,31,False
2025-03-21,Friday,39,33,False
2025-03-21,Friday,40,23,False
2025-03-21,Friday,41,17,False
2025-03-21,Friday,42,14,False
2025-03-21,Friday,43,29,False
2025-03-21,Friday,44,20,False
2025-03-21,Friday,45,7,False
2025-03-21,Friday,46,4,False
2025-03-21,Friday,47,11,False
2025-03-21,Friday,48,41,False
2025-03-21,Friday,49,13,False
2025-03-21,Friday,50,14,False
2025-03-22,Saturday,1,42,True
2025-03-22,Saturday,2,88,True
2025-03-22,Saturday,3,68,True
2025-03-22,Saturday,4,28,True
2025-03-22,Saturday,5,21,True
2025-03-22,Saturday,6,39,True
2025-03-22,Saturday,7,14,True
2025-03-22,Saturday,8,64,True
2025-03-22,Saturday,9,29,True
2025-03-22,Saturday,10,54,True
2025-03-22,Saturday,11,61,True
2025-03-22,Saturday,12,39,True
2025-03-22,Saturday,13,24,True
2025-03-22,Saturday,14,6,True
2025-03-22,Saturday,15,24,True
2025-03-22,Saturday,16,58,True
2025-03-22,Saturday,17,48,True
2025-03-22,Saturday,18,29,True
2025-03-22,Saturday,19,73,True
2025-03-22,Saturday,20,21,True
2025-03-22,Saturday,21,79,True
2025-03-22,Saturday,22,6,True
2025-03-22,Saturday,23,24,True
2025-03-22,Saturday,24,40,True
2025-03-22,Saturday,25,14,True
2025-03-22,Saturday,26,44,True
2025-03-22,Saturday,27,55,True
2025-03-22,Saturday,28,86,True
2025-03-22,Saturday,29,36,True
2025-03-22,Saturday,30,32,True
2025-03-22,Saturday,31,25,True
2025-03-22,Saturday,32,20,True
2025-03-22,Saturday,33,66,True
2025-03-22,Saturday,34,33,True
2025-03-22,Saturday,35,40,True
2025-03-22,Saturday,36,87,True
2025-03-22,Saturday,37,7,True
2025-03-22,Saturday,38,59,True
2025-03-22,Saturday,39,64,True
2025-03-22,Saturday,40,36,True
2025-03-22,Saturday,41,43,True
2025-03-22,Saturday,42,16,True
2025-03-22,Saturday,43,66,True
2025-03-22,Saturday,44,34,True
2025-03-22,Saturday,45,14,True
2025-03-22,Saturday,46,10,True
2025-03-22,Saturday,47,20,True
2025-03-22,Saturday,48,54,True
2025-03-22,Saturday,49,32,True
2025-03-22,Saturday,50,31,True
2025-03-23,Sunday,1,33,True
2025-03-23,Sunday,2,74,True
2025-03-23,Sunday,3,73,True
2025-03-23,Sunday,4,20,True
2025-03-23,Sunday,5,27,True
2025-03-23,Sunday,6,36,True
2025-03-23,Sunday,7,20,True
2025-03-23,Sunday,8,39,True
2025-03-23,Sunday,9,43,True
2025-03-23,Sunday,10,59,True
2025-03-23,Sunday,11,47,True
2025-03-23,Sunday,12,37,True
2025-03-23,Sunday,13,19,True
2025-03-23,Sunday,14,7,True
2025-03-23,Sunday,15,30,True
2025-03-23,Sunday,16,63,True
2025-03-23,Sunday,17,37,True
2025-03-23,Sunday,18,16,True
2025-03-23,Sunday,19,78,True
2025-03-23,Sunday,20,23,True
2025-03-23,Sunday,21,63,True
2025-03-23,Sunday,22,11,True
2025-03-23,Sunday,23,30,True
2025-03-23,Sunday,24,45,True
2025-03-23,Sunday,25,9,True
2025-03-23,Sunday,26,35,True
2025-03-23,Sunday,27,49,True
2025-03-23,Sunday,28,78,True
2025-03-23,Sunday,29,28,True
2025-03-23,Sunday,30,30,True
2025-03-23,Sunday,31,23,True
2025-03-23,Sunday,32,15,True
2025-03-23,Sunday,33,102,True
2025-03-23,Sunday,34,38,True
2025-03-23,Sunday,35,43,True
2025-03-23,Sunday,36,89,True
2025-03-23,Sunday,37,10,True
2025-03-23,Sunday,38,61,True
2025-03-23,Sunday,39,101,True
2025-03-23,Sunday,40,58,True
2025-03-23,Sunday,41,36,True
2025-03-23,Sunday,42,16,True
2025-03-23,Sunday,43,38,True
2025-03-23,Sunday,44,42,True
2025-03-23,Sunday,45,11,True
2025-03-23,Sunday,46,8,True
2025-03-23,Sunday,47,18,True
2025-03-23,Sunday,48,51,True
2025-03-23,Sunday,49,36,True
2025-03-23,Sunday,50,33,True
2025-03-24,Monday,1,14,False
2025-03-24,Monday,2,37,False
2025-03-24,Monday,3,39,False
2025-03-24,Monday,4,17,False
2025-03-24,Monday,5,16,False
2025-03-24,Monday,6,30,False
2025-03-24,Monday,7,17,False
2025-03-24,Monday,8,39,False
2025-03-24,Monday,9,25,False
2025-03-24,Monday,10,21,False
2025-03-24,Monday,11,35,False
2025-03-24,Monday,12,22,False
2025-03-24,Monday,13,17,False
2025-03-24,Monday,14,5,False
2025-03-24,Monday,15,19,False
2025-03-24,Monday,16,29,False
2025-03-24,Monday,17,27,False
2025-03-24,Monday,18,17,False
2025-03-24,Monday,19,31,False
2025-03-24,Monday,20,14,False
2025-03-24,Monday,21,32,False
2025-03-24,Monday,22,6,False
2025-03-24,Monday,23,32,False
2025-03-24,Monday,24,19,False
2025-03-24,Monday,25,7,False
2025-03-24,Monday,26,14,False
2025-03-24,Monday,27,20,False
2025-03-24,Monday,28,29,False
2025-03-24,Monday,29,23,False
2025-03-24,Monday,30,16,False
2025-03-24,Monday,31,12,False
2025-03-24,Monday,32,8,False
2025-03-24,Monday,33,40,False
2025-03-24,Monday,34,15,False
2025-03-24,Monday,35,29,False
2025-03-24,Monday,36,33,False
2025-03-24,Monday,37,3,False
2025-03-24,Monday,38,22,False
2025-03-24,Monday,39,39,False
2025-03-24,Monday,40,27,False
2025-03-24,Monday,41,26,False
2025-03-24,Monday,42,8,False
2025-03-24,Monday,43,28,False
2025-03-24,Monday,44,19,False
2025-03-24,Monday,45,6,False
2025-03-24,Monday,46,3,False
2025-03-24,Monday,47,8,False
2025-03-24,Monday,48,30,False
2025-03-24,Monday,49,19,False
2025-03-24,Monday,50,15,False
2025-03-25,Tuesday,1,20,False
2025-03-25,Tuesday,2,29,False
2025-03-25,Tuesday,3,35,False
2025-03-25,Tuesday,4,15,False
2025-03-25,Tuesday,5,14,False
2025-03-25,Tuesday,6,34,False
2025-03-25,Tuesday,7,18,False
2025-03-25,Tuesday,8,40,False
2025-03-25,Tuesday,9,15,False
2025-03-25,Tuesday,10,25,False
2025-03-25,Tuesday,11,33,False
2025-03-25,Tuesday,12,16,False
2025-03-25,Tuesday,13,17,False
2025-03-25,Tuesday,14,5,False
2025-03-25,Tuesday,15,17,False
2025-03-25,Tuesday,16,29,False
2025-03-25,Tuesday,17,24,False
2025-03-25,Tuesday,18,20,False
2025-03-25,Tuesday,19,25,False
2025-03-25,Tuesday,20,15,False
2025-03-25,Tuesday,21,26,False
2025-03-25,Tuesday,22,7,False
2025-03-25,Tuesday,23,28,False
2025-03-25,Tuesday,24,21,False
2025-03-25,Tuesday,25,7,False
2025-03-25,Tuesday,26,18,False
2025-03-25,Tuesday,27,26,False
2025-03-25,Tuesday,28,36,False
2025-03-25,Tuesday,29,21,False
2025-03-25,Tuesday,30,19,False
2025-03-25,Tuesday,31,16,False
2025-03-25,Tuesday,32,15,False
2025-03-25,Tuesday,33,32,False
2025-03-25,Tuesday,34,9,False
2025-03-25,Tuesday,35,33,False
2025-03-25,Tuesday,36,31,False
2025-03-25,Tuesday,37,4,False
2025-03-25,Tuesday,38,22,False
2025-03-25,Tuesday,39,42,False
2025-03-25,Tuesday,40,21,False
2025-03-25,Tuesday,41,22,False
2025-03-25,Tuesday,42,12,False
2025-03-25,Tuesday,43,38,False
2025-03-25,Tuesday,44,28,False
2025-03-25,Tuesday,45,8,False
2025-03-25,Tuesday,46,6,False
2025-03-25,Tuesday,47,10,False
2025-03-25,Tuesday,48,31,False
2025-03-25,Tuesday,49,23,False
2025-03-25,Tuesday,50,12,False
2025-03-26,Wednesday,1,15,False
2025-03-26,Wednesday,2,29,False
2025-03-26,Wednesday,3,39,False
2025-03-26,Wednesday,4,11,False
2025-03-26,Wednesday,5,19,False
2025-03-26,Wednesday,6,24,False
2025-03-26,Wednesday,7,14,False
2025-03-26,Wednesday,8,42,False
2025-03-26,Wednesday,9,15,False
2025-03-26,Wednesday,10,25,False
2025-03-26,Wednesday,11,24,False
2025-03-26,Wednesday,12,20,False
2025-03-26,Wednesday,13,15,False
2025-03-26,Wednesday,14,5,False
2025-03-26,Wednesday,15,18,False
2025-03-26,Wednesday,16,31,False
2025-03-26,Wednesday,17,27,False
2025-03-26,Wednesday,18,14,False
2025-03-26,Wednesday,19,33,False
2025-03-26,Wednesday,20,11,False
2025-03-26,Wednesday,21,27,False
2025-03-26,Wednesday,22,7,False
2025-03-26,Wednesday,23,32,False
2025-03-26,Wednesday,24,18,False
2025-03-26,Wednesday,25,7,False
2025-03-26,Wednesday,26,18,False
2025-03-26,Wednesday,27,32,False
2025-03-26,Wednesday,28,27,False
2025-03-26,Wednesday,29,28,False
2025-03-26,Wednesday,30,16,False
2025-03-26,Wednesday,31,15,False
2025-03-26,Wednesday,32,15,False
2025-03-26,Wednesday,33,37,False
2025-03-26,Wednesday,34,16,False
2025-03-26,Wednesday,35,26,False
2025-03-26,Wednesday,36,38,False
2025-03-26,Wednesday,37,6,False
2025-03-26,Wednesday,38,25,False
2025-03-26,Wednesday,39,42,False
2025-03-26,Wednesday,40,25,False
2025-03-26,Wednesday,41,18,False
2025-03-26,Wednesday,42,9,False
2025-03-26,Wednesday,43,27,False
2025-03-26,Wednesday,44,28,False
2025-03-26,Wednesday,45,6,False
2025-03-26,Wednesday,46,4,False
2025-03-26,Wednesday,47,9,False
2025-03-26,Wednesday,48,40,False
2025-03-26,Wednesday,49,15,False
2025-03-26,Wednesday,50,14,False
2025-03-27,Thursday,1,15,False
2025-03-27,Thursday,2,33,False
2025-03-27,Thursday,3,33,False
2025-03-27,Thursday,4,17,False
2025-03-27,Thursday,5,12,False
2025-03-27,Thursday,6,20,False
2025-03-27,Thursday,7,13,False
2025-03-27,Thursday,8,23,False
2025-03-27,Thursday,9,17,False
2025-03-27,Thursday,10,29,False
2025-03-27,Thursday,11,35,False
2025-03-27,Thursday,12,26,False
2025-03-27,Thursday,13,12,False
2025-03-27,Thursday,14,3,False
2025-03-27,Thursday,15,17,False
2025-03-27,Thursday,16,27,False
2025-03-27,Thursday,17,20,False
2025-03-27,Thursday,18,20,False
2025-03-27,Thursday,19,25,False
2025-03-27,Thursday,20,12,False
2025-03-27,Thursday,21,36,False
2025-03-27,Thursday,22,5,False
2025-03-27,Thursday,23,30,False
2025-03-27,Thursday,24,22,False
2025-03-27,Thursday,25,5,False
2025-03-27,Thursday,26,16,False
2025-03-27,Thursday,27,22,False
2025-03-27,Thursday,28,29,False
2025-03-27,Thursday,29,16,False
2025-03-27,Thursday,30,14,False
2025-03-27,Thursday,31,12,False
2025-03-27,Thursday,32,11,False
2025-03-27,Thursday,33,27,False
2025-03-27,Thursday,34,9,False
2025-03-27,Thursday,35,29,False
2025-03-27,Thursday,36,27,False
2025-03-27,Thursday,37,5,False
2025-03-27,Thursday,38,34,False
2025-03-27,Thursday,39,42,False
2025-03-27,Thursday,40,24,False
2025-03-27,Thursday,41,20,False
2025-03-27,Thursday,42,9,False
2025-03-27,Thursday,43,37,False
2025-03-27,Thursday,44,29,False
2025-03-27,Thursday,45,7,False
2025-03-27,Thursday,46,5,False
2025-03-27,Thursday,47,11,False
2025-03-27,Thursday,48,39,False
2025-03-27,Thursday,49,15,False
2025-03-27,Thursday,50,15,False
2025-03-28,Friday,1,16,False
2025-03-28,Friday,2,26,False
2025-03-28,Friday,3,36,False
2025-03-28,Friday,4,14,False
2025-03-28,Friday,5,17,False
2025-03-28,Friday,6,29,False
2025-03-28,Friday,7,12,False
2025-03-28,Friday,8,34,False
2025-03-28,Friday,9,16,False
2025-03-28,Friday,10,22,False
2025-03-28,Friday,11,22,False
2025-03-28,Friday,12,23,False
2025-03-28,Friday,13,18,False
2025-03-28,Friday,14,5,False
2025-03-28,Friday,15,13,False
2025-03-28,Friday,16,28,False
2025-03-28,Friday,17,22,False
2025-03-28,Friday,18,18,False
2025-03-28,Friday,19,38,False
2025-03-28,Friday,20,12,False
2025-03-28,Friday,21,22,False
2025-03-28,Friday,22,10,False
2025-03-28,Friday,23,20,False
2025-03-28,Friday,24,23,False
2025-03-28,Friday,25,5,False
2025-03-28,Friday,26,20,False
2025-03-28,Friday,27,27,False
2025-03-28,Friday,28,34,False
2025-03-28,Friday,29,26,False
2025-03-28,Friday,30,20,False
2025-03-28,Friday,31,17,False
2025-03-28,Friday,32,14,False
2025-03-28,Friday,33,29,False
2025-03-28,Friday,34,14,False
2025-03-28,Friday,35,38,False
2025-03-28,Friday,36,45,False
2025-03-28,Friday,37,5,False
2025-03-28,Friday,38,38,False
2025-03-28,Friday,39,37,False
2025-03-28,Friday,40,19,False
2025-03-28,Friday,41,20,False
2025-03-28,Friday,42,10,False
2025-03-28,Friday,43,28,False
2025-03-28,Friday,44,16,False
2025-03-28,Friday,45,9,False
2025-03-28,Friday,46,4,False
2025-03-28,Friday,47,9,False
2025-03-28,Friday,48,25,False
2025-03-28,Friday,49,16,False
2025-03-28,Friday,50,11,False
2025-03-29,Saturday,1,47,True
2025-03-29,Saturday,2,67,True
2025-03-29,Saturday,3,78,True
2025-03-29,Saturday,4,31,True
2025-03-29,Saturday,5,32,True
2025-03-29,Saturday,6,45,True
2025-03-29,Saturday,7,16,True
2025-03-29,Saturday,8,50,True
2025-03-29,Saturday,9,32,True
2025-03-29,Saturday,10,75,True
2025-03-29,Saturday,11,65,True
2025-03-29,Saturday,12,49,True
2025-03-29,Saturday,13,30,True
2025-03-29,Saturday,14,7,True
2025-03-29,Saturday,15,26,True
2025-03-29,Saturday,16,53,True
2025-03-29,Saturday,17,40,True
2025-03-29,Saturday,18,17,True
2025-03-29,Saturday,19,76,True
2025-03-29,Saturday,20,16,True
2025-03-29,Saturday,21,77,True
2025-03-29,Saturday,22,10,True
2025-03-29,Saturday,23,41,True
2025-03-29,Saturday,24,36,True
2025-03-29,Saturday,25,14,True
2025-03-29,Saturday,26,27,True
2025-03-29,Saturday,27,49,True
2025-03-29,Saturday,28,64,True
2025-03-29,Saturday,29,23,True
2025-03-29,Saturday,30,37,True
2025-03-29,Saturday,31,23,True
2025-03-29,Saturday,32,25,True
2025-03-29,Saturday,33,75,True
2025-03-29,Saturday,34,21,True
2025-03-29,Saturday,35,41,True
2025-03-29,Saturday,36,91,True
2025-03-29,Saturday,37,10,True
2025-03-29,Saturday,38,46,True
2025-03-29,Saturday,39,74,True
2025-03-29,Saturday,40,54,True
2025-03-29,Saturday,41,43,True
2025-03-29,Saturday,42,14,True
2025-03-29,Saturday,43,64,True
2025-03-29,Saturday,44,51,True
2025-03-29,Saturday,45,11,True
2025-03-29,Saturday,46,10,True
2025-03-29,Saturday,47,22,True
2025-03-29,Saturday,48,64,True
2025-03-29,Saturday,49,22,True
2025-03-29,Saturday,50,33,True
2025-03-30,Sunday,1,51,True
2025-03-30,Sunday,2,51,True
2025-03-30,Sunday,3,95,True
2025-03-30,Sunday,4,22,True
2025-03-30,Sunday,5,22,True
2025-03-30,Sunday,6,30,True
2025-03-30,Sunday,7,21,True
2025-03-30,Sunday,8,36,True
2025-03-30,Sunday,9,44,True
2025-03-30,Sunday,10,73,True
2025-03-30,Sunday,11,52,True
2025-03-30,Sunday,12,43,True
2025-03-30,Sunday,13,28,True
2025-03-30,Sunday,14,4,True
2025-03-30,Sunday,15,24,True
2025-03-30,Sunday,16,51,True
2025-03-30,Sunday,17,54,True
2025-03-30,Sunday,18,22,True
2025-03-30,Sunday,19,64,True
2025-03-30,Sunday,20,18,True
2025-03-30,Sunday,21,77,True
2025-03-30,Sunday,22,10,True
2025-03-30,Sunday,23,43,True
2025-03-30,Sunday,24,43,True
2025-03-30,Sunday,25,16,True
2025-03-30,Sunday,26,33,True
2025-03-30,Sunday,27,45,True
2025-03-30,Sunday,28,49,True
2025-03-30,Sunday,29,40,True
2025-03-30,Sunday,30,28,True
2025-03-30,Sunday,31,23,True
2025-03-30,Sunday,32,21,True
2025-03-30,Sunday,33,84,True
2025-03-30,Sunday,34,28,True
2025-03-30,Sunday,35,60,True
2025-03-30,Sunday,36,84,True
2025-03-30,Sunday,37,8,True
2025-03-30,Sunday,38,63,True
2025-03-30,Sunday,39,74,True
2025-03-30,Sunday,40,50,True
2025-03-30,Sunday,41,28,True
2025-03-30,Sunday,42,21,True
2025-03-30,Sunday,43,55,True
2025-03-30,Sunday,44,49,True
2025-03-30,Sunday,45,11,True
2025-03-30,Sunday,46,10,True
2025-03-30,Sunday,47,15,True
2025-03-30,Sunday,48,54,True
2025-03-30,Sunday,49,21,True
2025-03-30,Sunday,50,29,True
2025-03-31,Monday,1,18,False
2025-03-31,Monday,2,25,False
2025-03-31,Monday,3,29,False
2025-03-31,Monday,4,18,False
2025-03-31,Monday,5,20,False
2025-03-31,Monday,6,27,False
2025-03-31,Monday,7,16,False
2025-03-31,Monday,8,27,False
2025-03-31,Monday,9,21,False
2025-03-31,Monday,10,31,False
2025-03-31,Monday,11,24,False
2025-03-31,Monday,12,19,False
2025-03-31,Monday,13,16,False
2025-03-31,Monday,14,4,False
2025-03-31,Monday,15,11,False
2025-03-31,Monday,16,26,False
2025-03-31,Monday,17,31,False
2025-03-31,Monday,18,17,False
2025-03-31,Monday,19,38,False
2025-03-31,Monday,20,14,False
2025-03-31,Monday,21,24,False
2025-03-31,Monday,22,6,False
2025-03-31,Monday,23,22,False
2025-03-31,Monday,24,17,False
2025-03-31,Monday,25,5,False
2025-03-31,Monday,26,21,False
2025-03-31,Monday,27,29,False
2025-03-31,Monday,28,27,False
2025-03-31,Monday,29,23,False
2025-03-31,Monday,30,14,False
2025-03-31,Monday,31,13,False
2025-03-31,Monday,32,13,False
2025-03-31,Monday,33,29,False
2025-03-31,Monday,34,12,False
2025-03-31,Monday,35,37,False
2025-03-31,Monday,36,30,False
2025-03-31,Monday,37,5,False
2025-03-31,Monday,38,29,False
2025-03-31,Monday,39,24,False
2025-03-31,Monday,40,28,False
2025-03-31,Monday,41,24,False
2025-03-31,Monday,42,9,False
2025-03-31,Monday,43,29,False
2025-03-31,Monday,44,19,False
2025-03-31,Monday,45,7,False
2025-03-31,Monday,46,5,False
2025-03-31,Monday,47,7,False
2025-03-31,Monday,48,39,False
2025-03-31,Monday,49,21,False
2025-03-31,Monday,50,12,False
